	abstract	1	2	3	4	5	6	7	8	9	10
8	10078535.txt	0.0	1.0	1.0	1.0	1.0	1.0	1.0	1.0	1.0	1.0
15	10094048.txt	0.0	1.0	1.0	1.0	1.0	1.0	1.0	1.0	1.0	1.0
35	10231895.txt	0.0	1.0	1.0	1.0	1.0	1.0	1.0	1.0	1.0	1.0
42	10348816.txt	1.0	1.0	1.0	1.0	1.0	1.0	1.0	1.0	1.0	1.0
54	10376594.txt	0.0	1.0	1.0	1.0	1.0	1.0	1.0	1.0	1.0	1.0
57	10382758.txt	0.0	1.0	1.0	1.0	1.0	1.0	1.0	1.0	1.0	1.0
77	10449770.txt	0.0	1.0	1.0	1.0	1.0	1.0	1.0	1.0	1.0	1.0
85	10483730.txt	0.0	1.0	1.0	1.0	1.0	1.0	1.0	1.0	0.0	1.0
88	10488095.txt	0.0	1.0	1.0	1.0	1.0	1.0	1.0	1.0	1.0	1.0
93	10497065.txt	0.0	1.0	1.0	1.0	1.0	1.0	1.0	1.0	1.0	1.0
101	10518015.txt	0.0	1.0	1.0	1.0	1.0	1.0	1.0	1.0	1.0	1.0
103	10518787.txt	0.0	1.0	1.0	1.0	1.0	1.0	1.0	1.0	1.0	1.0
111	10540229.txt	1.0	1.0	1.0	1.0	1.0	1.0	1.0	1.0	1.0	1.0
128	10571081.txt	0.0	1.0	1.0	1.0	1.0	1.0	1.0	1.0	1.0	1.0
134	10588744.txt	0.0	1.0	1.0	1.0	0.0	1.0	1.0	1.0	0.0	1.0
146	10622723.txt	0.0	1.0	1.0	1.0	1.0	1.0	1.0	1.0	1.0	1.0
150	10629038.txt	0.0	1.0	1.0	1.0	1.0	1.0	1.0	1.0	1.0	1.0
172	10698346.txt	0.0	1.0	1.0	0.0	0.0	1.0	1.0	1.0	0.0	1.0
181	10731678.txt	0.0	1.0	1.0	1.0	1.0	1.0	1.0	1.0	1.0	1.0
194	10760814.txt	0.0	1.0	1.0	1.0	1.0	1.0	1.0	1.0	1.0	1.0
199	10777567.txt	0.0	1.0	1.0	1.0	1.0	1.0	1.0	1.0	1.0	1.0
201	10799506.txt	0.0	1.0	1.0	1.0	1.0	1.0	1.0	1.0	1.0	1.0
202	10799849.txt	1.0	1.0	1.0	1.0	1.0	1.0	1.0	1.0	0.0	1.0
203	10799895.txt	0.0	1.0	1.0	1.0	1.0	1.0	1.0	1.0	1.0	1.0
224	10861079.txt	1.0	0.0	1.0	0.0	0.0	1.0	1.0	1.0	0.0	1.0
251	10947953.txt	0.0	1.0	1.0	1.0	1.0	1.0	1.0	1.0	1.0	1.0
259	10990454.txt	0.0	1.0	1.0	1.0	1.0	1.0	1.0	1.0	1.0	1.0
285	11063742.txt	1.0	1.0	1.0	1.0	1.0	1.0	1.0	1.0	1.0	1.0
291	11081636.txt	1.0	1.0	1.0	1.0	1.0	1.0	1.0	1.0	1.0	1.0
306	11119516.txt	1.0	1.0	1.0	1.0	1.0	1.0	1.0	1.0	1.0	1.0
318	11157049.txt	0.0	1.0	1.0	1.0	1.0	1.0	1.0	1.0	1.0	1.0
337	11207625.txt	1.0	1.0	1.0	1.0	1.0	1.0	1.0	1.0	1.0	1.0
342	11239771.txt	0.0	1.0	1.0	1.0	1.0	1.0	1.0	1.0	1.0	1.0
368	11317941.txt	0.0	1.0	1.0	1.0	1.0	1.0	1.0	1.0	1.0	1.0
385	11359834.txt	0.0	1.0	1.0	1.0	1.0	1.0	1.0	1.0	1.0	1.0
388	11367527.txt	0.0	1.0	1.0	0.0	1.0	1.0	1.0	1.0	0.0	0.0
391	11387317.txt	1.0	1.0	1.0	1.0	1.0	1.0	1.0	1.0	0.0	1.0
408	11443095.txt	0.0	1.0	1.0	1.0	1.0	1.0	1.0	1.0	1.0	1.0
418	11453697.txt	0.0	0.0	1.0	1.0	1.0	1.0	1.0	1.0	1.0	1.0
428	11483855.txt	1.0	1.0	1.0	1.0	1.0	1.0	1.0	1.0	1.0	1.0
442	11522923.txt	0.0	1.0	1.0	1.0	1.0	1.0	1.0	1.0	1.0	1.0
447	11531949.txt	1.0	0.0	1.0	0.0	0.0	1.0	1.0	1.0	0.0	1.0
448	11532125.txt	0.0	1.0	1.0	1.0	1.0	1.0	1.0	1.0	1.0	1.0
450	11532960.txt	0.0	1.0	1.0	1.0	1.0	1.0	1.0	1.0	1.0	1.0
453	11536176.txt	0.0	1.0	1.0	1.0	1.0	1.0	1.0	1.0	0.0	1.0
491	11703674.txt	0.0	1.0	1.0	1.0	1.0	1.0	1.0	1.0	0.0	1.0
492	11706043.txt	0.0	1.0	1.0	1.0	1.0	1.0	1.0	1.0	1.0	1.0
499	11725828.txt	1.0	1.0	1.0	1.0	0.0	1.0	1.0	1.0	0.0	1.0
501	11728477.txt	1.0	1.0	1.0	1.0	1.0	1.0	1.0	1.0	1.0	1.0
508	11751976.txt	1.0	1.0	1.0	1.0	1.0	1.0	1.0	1.0	1.0	1.0
518	11786546.txt	0.0	1.0	1.0	1.0	1.0	1.0	1.0	1.0	1.0	1.0
519	11788577.txt	1.0	1.0	1.0	1.0	1.0	1.0	1.0	1.0	1.0	1.0
535	11842104.txt	0.0	1.0	1.0	0.0	0.0	1.0	1.0	1.0	0.0	1.0
536	11842220.txt	0.0	1.0	1.0	1.0	1.0	1.0	1.0	1.0	1.0	1.0
543	11866445.txt	1.0	1.0	1.0	1.0	1.0	1.0	1.0	1.0	1.0	1.0
545	11890550.txt	0.0	1.0	1.0	1.0	1.0	1.0	1.0	1.0	1.0	1.0
560	11943772.txt	0.0	1.0	1.0	1.0	1.0	1.0	1.0	1.0	1.0	1.0
561	11943848.txt	0.0	1.0	1.0	1.0	1.0	1.0	1.0	1.0	1.0	1.0
564	11952907.txt	0.0	1.0	1.0	1.0	1.0	1.0	1.0	1.0	1.0	1.0
596	12071705.txt	0.0	1.0	1.0	0.0	1.0	1.0	1.0	1.0	1.0	1.0
599	12083511.txt	0.0	1.0	1.0	1.0	1.0	1.0	1.0	1.0	1.0	1.0
616	12138096.txt	0.0	1.0	1.0	1.0	1.0	1.0	1.0	1.0	1.0	1.0
619	12145287.txt	1.0	1.0	1.0	1.0	1.0	1.0	1.0	1.0	1.0	1.0
624	12154067.txt	0.0	1.0	1.0	1.0	1.0	1.0	1.0	1.0	1.0	1.0
640	12221072.txt	0.0	1.0	1.0	1.0	1.0	1.0	1.0	1.0	1.0	1.0
643	12237307.txt	1.0	1.0	1.0	1.0	1.0	1.0	1.0	1.0	1.0	1.0
656	12372304.txt	0.0	1.0	1.0	0.0	1.0	1.0	1.0	1.0	1.0	1.0
668	12402194.txt	1.0	1.0	1.0	0.0	0.0	1.0	1.0	1.0	0.0	0.0
697	12467973.txt	0.0	1.0	1.0	1.0	1.0	1.0	1.0	1.0	1.0	1.0
707	12505155.txt	0.0	1.0	1.0	1.0	1.0	1.0	1.0	1.0	1.0	1.0
716	12542470.txt	0.0	1.0	1.0	1.0	1.0	1.0	1.0	1.0	1.0	1.0
725	12574161.txt	0.0	1.0	1.0	1.0	1.0	1.0	1.0	1.0	1.0	1.0
744	12621023.txt	0.0	1.0	1.0	1.0	1.0	1.0	1.0	1.0	1.0	1.0
758	12646273.txt	0.0	1.0	1.0	1.0	0.0	1.0	1.0	1.0	1.0	1.0
762	12654830.txt	0.0	1.0	1.0	1.0	1.0	1.0	1.0	1.0	1.0	1.0
764	12659860.txt	0.0	0.0	1.0	1.0	0.0	1.0	1.0	1.0	0.0	1.0
766	12662939.txt	0.0	1.0	1.0	1.0	0.0	1.0	1.0	1.0	1.0	1.0
774	12693965.txt	0.0	0.0	1.0	1.0	1.0	1.0	1.0	1.0	1.0	1.0
785	12740394.txt	0.0	1.0	1.0	1.0	1.0	1.0	1.0	1.0	1.0	1.0
809	12813035.txt	0.0	0.0	1.0	1.0	0.0	1.0	1.0	1.0	0.0	1.0
810	12815039.txt	0.0	1.0	1.0	1.0	1.0	1.0	1.0	1.0	1.0	1.0
813	12824502.txt	0.0	1.0	1.0	1.0	1.0	1.0	1.0	1.0	1.0	1.0
838	12893946.txt	0.0	1.0	1.0	1.0	1.0	1.0	1.0	1.0	1.0	1.0
840	12902405.txt	0.0	1.0	1.0	1.0	0.0	1.0	1.0	1.0	1.0	1.0
856	12956940.txt	0.0	0.0	1.0	1.0	0.0	1.0	1.0	1.0	0.0	1.0
858	12963340.txt	0.0	1.0	1.0	1.0	0.0	1.0	1.0	1.0	0.0	1.0
896	1437549.txt	0.0	1.0	1.0	1.0	1.0	1.0	1.0	1.0	1.0	1.0
900	14499622.txt	0.0	1.0	1.0	1.0	1.0	1.0	1.0	1.0	1.0	1.0
912	14555757.txt	0.0	1.0	1.0	1.0	0.0	1.0	1.0	1.0	1.0	1.0
933	14624239.txt	0.0	1.0	1.0	1.0	1.0	1.0	1.0	1.0	1.0	1.0
945	14657025.txt	1.0	1.0	1.0	1.0	1.0	1.0	1.0	1.0	1.0	1.0
950	14668339.txt	0.0	1.0	1.0	1.0	1.0	1.0	1.0	1.0	1.0	1.0
952	14672668.txt	0.0	1.0	1.0	1.0	1.0	1.0	1.0	1.0	1.0	1.0
954	14675188.txt	1.0	1.0	1.0	1.0	1.0	1.0	1.0	1.0	1.0	1.0
956	14676189.txt	1.0	1.0	1.0	0.0	1.0	1.0	1.0	1.0	1.0	1.0
970	14707135.txt	1.0	1.0	1.0	1.0	1.0	1.0	1.0	1.0	1.0	1.0
978	14732712.txt	0.0	1.0	1.0	1.0	1.0	1.0	1.0	1.0	1.0	1.0
988	14752045.txt	0.0	1.0	1.0	1.0	1.0	1.0	1.0	1.0	1.0	1.0
989	14758037.txt	0.0	1.0	1.0	1.0	1.0	1.0	1.0	1.0	1.0	1.0
1006	14960576.txt	0.0	1.0	1.0	1.0	1.0	1.0	1.0	1.0	1.0	1.0
1027	14993593.txt	1.0	1.0	1.0	1.0	1.0	1.0	1.0	1.0	1.0	1.0
1035	15009027.txt	0.0	1.0	1.0	1.0	1.0	1.0	1.0	1.0	1.0	1.0
1043	15017387.txt	0.0	1.0	1.0	1.0	1.0	1.0	1.0	1.0	1.0	1.0
1055	15044490.txt	0.0	1.0	1.0	1.0	1.0	1.0	1.0	1.0	1.0	1.0
1063	15056216.txt	0.0	1.0	1.0	1.0	1.0	1.0	1.0	1.0	1.0	1.0
1066	15057743.txt	1.0	1.0	1.0	1.0	1.0	1.0	1.0	1.0	1.0	1.0
1076	15072852.txt	0.0	1.0	1.0	1.0	1.0	1.0	1.0	1.0	1.0	1.0
1086	15096504.txt	0.0	1.0	1.0	1.0	1.0	1.0	1.0	1.0	1.0	1.0
1143	15189447.txt	0.0	1.0	1.0	1.0	1.0	1.0	1.0	1.0	1.0	1.0
1170	15218026.txt	0.0	1.0	1.0	1.0	1.0	1.0	1.0	1.0	1.0	1.0
1175	15226292.txt	1.0	1.0	1.0	1.0	1.0	1.0	1.0	1.0	1.0	1.0
1212	15289569.txt	0.0	1.0	1.0	1.0	1.0	1.0	1.0	1.0	1.0	1.0
1232	15329370.txt	1.0	1.0	1.0	1.0	1.0	1.0	1.0	1.0	1.0	1.0
1234	15337745.txt	0.0	1.0	1.0	1.0	1.0	1.0	1.0	1.0	1.0	1.0
1235	15337781.txt	0.0	1.0	1.0	1.0	1.0	1.0	1.0	1.0	1.0	1.0
1247	15364949.txt	1.0	1.0	1.0	1.0	1.0	1.0	1.0	1.0	1.0	1.0
1257	15383594.txt	0.0	1.0	1.0	1.0	1.0	1.0	1.0	1.0	1.0	1.0
1279	15470061.txt	1.0	1.0	1.0	0.0	0.0	1.0	1.0	1.0	1.0	1.0
1285	15489237.txt	0.0	1.0	1.0	1.0	1.0	1.0	1.0	1.0	0.0	1.0
1314	15557185.txt	0.0	1.0	1.0	1.0	1.0	1.0	1.0	1.0	1.0	1.0
1316	15557597.txt	1.0	1.0	1.0	1.0	1.0	1.0	1.0	1.0	1.0	1.0
1323	15567179.txt	0.0	1.0	1.0	1.0	1.0	1.0	1.0	1.0	1.0	1.0
1358	15623156.txt	0.0	1.0	1.0	1.0	1.0	1.0	1.0	1.0	1.0	1.0
1373	15637052.txt	0.0	1.0	1.0	1.0	0.0	1.0	1.0	1.0	1.0	1.0
1440	15731037.txt	1.0	1.0	1.0	1.0	1.0	1.0	1.0	1.0	1.0	1.0
1442	15732867.txt	1.0	1.0	1.0	1.0	1.0	1.0	1.0	1.0	1.0	1.0
1463	15773976.txt	0.0	1.0	1.0	1.0	1.0	1.0	1.0	1.0	1.0	1.0
1471	15790758.txt	1.0	1.0	1.0	1.0	1.0	1.0	1.0	1.0	1.0	1.0
1494	15817483.txt	1.0	1.0	1.0	1.0	1.0	1.0	1.0	1.0	1.0	1.0
1504	15843429.txt	0.0	1.0	1.0	1.0	1.0	1.0	1.0	1.0	1.0	1.0
1536	15879129.txt	0.0	1.0	1.0	1.0	1.0	1.0	1.0	1.0	1.0	1.0
1541	15882443.txt	1.0	1.0	1.0	1.0	1.0	1.0	1.0	1.0	1.0	1.0
1544	15886812.txt	1.0	1.0	1.0	1.0	1.0	1.0	1.0	1.0	1.0	1.0
1545	15887115.txt	1.0	1.0	1.0	1.0	1.0	1.0	1.0	1.0	1.0	1.0
1553	15901741.txt	1.0	1.0	1.0	1.0	1.0	1.0	1.0	1.0	1.0	1.0
1561	15911144.txt	0.0	1.0	1.0	1.0	1.0	1.0	1.0	1.0	0.0	1.0
1573	15932345.txt	0.0	1.0	1.0	1.0	1.0	1.0	1.0	1.0	0.0	1.0
1577	15936768.txt	0.0	0.0	1.0	1.0	1.0	1.0	1.0	1.0	1.0	1.0
1585	15944150.txt	0.0	1.0	1.0	0.0	0.0	1.0	1.0	1.0	0.0	1.0
1587	15946680.txt	0.0	1.0	1.0	1.0	1.0	1.0	1.0	1.0	1.0	1.0
1606	15967797.txt	1.0	1.0	1.0	1.0	0.0	1.0	1.0	1.0	0.0	1.0
1618	15985221.txt	1.0	1.0	1.0	1.0	1.0	1.0	1.0	1.0	1.0	1.0
1643	16020535.txt	0.0	1.0	1.0	1.0	1.0	1.0	1.0	1.0	1.0	1.0
1663	16049003.txt	0.0	1.0	1.0	1.0	1.0	1.0	1.0	1.0	1.0	1.0
1664	16055086.txt	1.0	1.0	1.0	1.0	1.0	1.0	1.0	1.0	1.0	1.0
1716	16166092.txt	0.0	1.0	1.0	1.0	1.0	1.0	1.0	1.0	1.0	1.0
1733	16194235.txt	0.0	1.0	1.0	1.0	1.0	1.0	1.0	1.0	1.0	1.0
1743	16221674.txt	1.0	1.0	1.0	1.0	1.0	1.0	1.0	1.0	1.0	1.0
1745	16223727.txt	0.0	1.0	1.0	1.0	1.0	1.0	1.0	1.0	1.0	1.0
1759	16246929.txt	1.0	1.0	1.0	0.0	1.0	1.0	1.0	1.0	0.0	1.0
1779	16272704.txt	0.0	1.0	1.0	1.0	1.0	1.0	1.0	1.0	1.0	1.0
1781	16275761.txt	1.0	1.0	1.0	1.0	1.0	1.0	1.0	1.0	1.0	1.0
1825	16360032.txt	0.0	1.0	1.0	1.0	1.0	1.0	1.0	1.0	1.0	1.0
1853	16415594.txt	0.0	1.0	1.0	1.0	1.0	1.0	1.0	1.0	1.0	1.0
1854	16417227.txt	1.0	1.0	1.0	1.0	1.0	1.0	1.0	1.0	1.0	1.0
1855	16418282.txt	0.0	1.0	1.0	0.0	1.0	1.0	1.0	1.0	0.0	1.0
1859	16426811.txt	0.0	1.0	1.0	1.0	1.0	1.0	1.0	1.0	1.0	1.0
1887	16461362.txt	0.0	1.0	1.0	1.0	1.0	1.0	1.0	1.0	1.0	1.0
1896	16473539.txt	1.0	0.0	1.0	0.0	0.0	1.0	1.0	1.0	0.0	1.0
1906	16489115.txt	1.0	1.0	1.0	1.0	1.0	1.0	1.0	1.0	0.0	1.0
1930	16511210.txt	0.0	1.0	1.0	1.0	1.0	1.0	1.0	1.0	1.0	1.0
1938	16517750.txt	1.0	1.0	1.0	1.0	1.0	1.0	1.0	1.0	1.0	1.0
1960	16545946.txt	0.0	1.0	1.0	1.0	1.0	1.0	1.0	1.0	1.0	1.0
1969	16568717.txt	0.0	1.0	1.0	0.0	0.0	1.0	1.0	1.0	0.0	1.0
1980	16585588.txt	1.0	1.0	1.0	0.0	0.0	1.0	1.0	0.0	0.0	1.0
2001	16623711.txt	0.0	1.0	1.0	1.0	1.0	1.0	1.0	1.0	1.0	1.0
2035	16710454.txt	1.0	1.0	1.0	1.0	1.0	1.0	1.0	1.0	1.0	1.0
2050	16733543.txt	0.0	1.0	1.0	1.0	1.0	1.0	1.0	1.0	1.0	1.0
2056	16754688.txt	1.0	1.0	1.0	1.0	0.0	1.0	1.0	0.0	0.0	1.0
2084	16798009.txt	0.0	1.0	1.0	0.0	1.0	1.0	1.0	1.0	1.0	1.0
2112	16848790.txt	0.0	1.0	1.0	1.0	1.0	1.0	1.0	1.0	1.0	1.0
2139	16895920.txt	0.0	1.0	1.0	1.0	1.0	1.0	1.0	1.0	1.0	1.0
2158	1693333.txt	0.0	1.0	1.0	1.0	0.0	1.0	1.0	1.0	1.0	1.0
2175	16964325.txt	0.0	1.0	1.0	1.0	1.0	1.0	1.0	1.0	1.0	1.0
2182	16982856.txt	1.0	1.0	1.0	1.0	1.0	1.0	1.0	1.0	1.0	1.0
2185	16982918.txt	1.0	1.0	1.0	1.0	1.0	1.0	1.0	1.0	1.0	1.0
2187	16984412.txt	1.0	1.0	1.0	1.0	1.0	1.0	1.0	1.0	1.0	1.0
2202	17000779.txt	0.0	1.0	1.0	1.0	1.0	1.0	1.0	1.0	1.0	1.0
2221	17030574.txt	1.0	1.0	1.0	1.0	1.0	1.0	1.0	1.0	1.0	1.0
2226	17038310.txt	0.0	1.0	1.0	1.0	1.0	1.0	1.0	1.0	1.0	1.0
2232	17049431.txt	1.0	1.0	1.0	0.0	1.0	1.0	1.0	1.0	0.0	1.0
2235	17054395.txt	0.0	1.0	1.0	1.0	1.0	1.0	1.0	1.0	1.0	1.0
2245	17067815.txt	0.0	1.0	1.0	1.0	1.0	1.0	1.0	1.0	1.0	1.0
2248	17069460.txt	1.0	1.0	1.0	1.0	1.0	1.0	1.0	1.0	1.0	1.0
2262	17088427.txt	0.0	1.0	1.0	1.0	1.0	1.0	1.0	1.0	1.0	1.0
2283	17129783.txt	0.0	1.0	1.0	1.0	1.0	1.0	1.0	1.0	1.0	1.0
2285	17130252.txt	1.0	1.0	1.0	1.0	1.0	1.0	1.0	1.0	1.0	1.0
2286	1713213.txt	0.0	1.0	1.0	1.0	1.0	1.0	1.0	1.0	1.0	1.0
2315	17181781.txt	0.0	1.0	1.0	1.0	1.0	1.0	1.0	1.0	1.0	1.0
2343	17215251.txt	1.0	1.0	1.0	1.0	1.0	1.0	1.0	1.0	1.0	1.0
2374	17268554.txt	1.0	1.0	1.0	1.0	1.0	1.0	1.0	1.0	1.0	1.0
2381	17289036.txt	0.0	1.0	1.0	1.0	1.0	1.0	1.0	1.0	1.0	1.0
2431	17360394.txt	0.0	1.0	1.0	1.0	1.0	1.0	1.0	1.0	1.0	1.0
2452	17390218.txt	0.0	1.0	1.0	1.0	1.0	1.0	1.0	1.0	1.0	1.0
2455	17393422.txt	1.0	1.0	1.0	1.0	1.0	1.0	1.0	1.0	0.0	1.0
2484	17441749.txt	0.0	1.0	1.0	1.0	1.0	1.0	1.0	1.0	0.0	1.0
2503	17475865.txt	0.0	1.0	1.0	1.0	1.0	1.0	1.0	1.0	1.0	1.0
2530	17526744.txt	0.0	1.0	1.0	1.0	1.0	1.0	1.0	1.0	0.0	1.0
2535	17537817.txt	0.0	1.0	1.0	1.0	1.0	1.0	1.0	1.0	1.0	1.0
2542	17548359.txt	0.0	1.0	1.0	1.0	1.0	1.0	1.0	1.0	1.0	1.0
2553	17562776.txt	0.0	1.0	1.0	1.0	1.0	1.0	1.0	1.0	1.0	1.0
2560	17579075.txt	0.0	1.0	1.0	0.0	1.0	1.0	1.0	1.0	0.0	1.0
2576	17624595.txt	1.0	1.0	1.0	1.0	1.0	1.0	1.0	1.0	1.0	1.0
2597	17646163.txt	0.0	1.0	1.0	1.0	1.0	1.0	1.0	1.0	1.0	1.0
2605	17662939.txt	0.0	1.0	1.0	1.0	1.0	1.0	1.0	1.0	1.0	1.0
2630	17702740.txt	0.0	1.0	1.0	1.0	1.0	1.0	1.0	1.0	1.0	1.0
2635	17709375.txt	0.0	1.0	1.0	1.0	1.0	1.0	1.0	1.0	1.0	1.0
2638	17711851.txt	0.0	1.0	1.0	1.0	1.0	1.0	1.0	1.0	1.0	1.0
2655	17766391.txt	0.0	1.0	1.0	1.0	1.0	1.0	1.0	1.0	1.0	1.0
2661	17804794.txt	0.0	1.0	1.0	1.0	1.0	1.0	1.0	1.0	1.0	1.0
2672	17883418.txt	1.0	1.0	1.0	1.0	1.0	1.0	1.0	1.0	1.0	1.0
2682	17894550.txt	0.0	1.0	1.0	1.0	1.0	1.0	1.0	1.0	1.0	1.0
2719	17951252.txt	0.0	1.0	1.0	1.0	1.0	1.0	1.0	1.0	1.0	1.0
2777	18062270.txt	1.0	1.0	1.0	1.0	1.0	1.0	1.0	1.0	0.0	1.0
2791	18083044.txt	0.0	1.0	1.0	1.0	1.0	1.0	1.0	0.0	0.0	1.0
2813	18164316.txt	0.0	1.0	1.0	1.0	1.0	1.0	1.0	1.0	1.0	1.0
2818	18177344.txt	1.0	0.0	1.0	0.0	0.0	1.0	1.0	1.0	0.0	1.0
2825	18183397.txt	0.0	1.0	1.0	1.0	1.0	1.0	1.0	1.0	1.0	1.0
2836	18212080.txt	0.0	1.0	1.0	0.0	1.0	1.0	1.0	1.0	1.0	1.0
2850	18239074.txt	0.0	1.0	1.0	1.0	1.0	1.0	1.0	1.0	1.0	1.0
2860	18262542.txt	0.0	1.0	1.0	1.0	1.0	1.0	1.0	1.0	1.0	1.0
2868	18282094.txt	1.0	1.0	1.0	1.0	1.0	1.0	1.0	1.0	1.0	1.0
2900	18329614.txt	1.0	1.0	1.0	1.0	1.0	1.0	1.0	1.0	1.0	1.0
2902	18331465.txt	1.0	1.0	1.0	1.0	1.0	1.0	1.0	1.0	1.0	1.0
2938	18383626.txt	0.0	1.0	1.0	1.0	1.0	1.0	1.0	1.0	1.0	1.0
2942	18391004.txt	1.0	1.0	1.0	1.0	1.0	1.0	1.0	1.0	1.0	1.0
2958	18413260.txt	0.0	1.0	1.0	1.0	1.0	1.0	1.0	1.0	1.0	1.0
2967	18430786.txt	0.0	1.0	1.0	1.0	1.0	1.0	1.0	1.0	1.0	1.0
2996	18464921.txt	1.0	1.0	1.0	0.0	0.0	1.0	1.0	1.0	0.0	1.0
3018	18503636.txt	1.0	1.0	1.0	0.0	1.0	1.0	1.0	1.0	0.0	1.0
3033	18540885.txt	0.0	1.0	1.0	1.0	1.0	1.0	1.0	1.0	1.0	1.0
3078	18624796.txt	0.0	1.0	1.0	1.0	1.0	1.0	1.0	1.0	1.0	1.0
3080	18628489.txt	1.0	1.0	1.0	1.0	1.0	1.0	1.0	1.0	1.0	1.0
3142	18769617.txt	1.0	1.0	1.0	1.0	1.0	1.0	1.0	1.0	1.0	1.0
3143	18769718.txt	0.0	1.0	1.0	1.0	1.0	1.0	1.0	1.0	1.0	1.0
3168	18817453.txt	0.0	1.0	1.0	1.0	1.0	1.0	1.0	1.0	1.0	1.0
3242	19016873.txt	0.0	1.0	1.0	0.0	0.0	1.0	1.0	1.0	0.0	1.0
3260	19050071.txt	0.0	1.0	1.0	0.0	0.0	1.0	1.0	1.0	0.0	1.0
3272	1907989.txt	0.0	1.0	1.0	1.0	1.0	1.0	1.0	1.0	1.0	1.0
3277	19090485.txt	1.0	1.0	1.0	0.0	0.0	1.0	1.0	1.0	0.0	1.0
3316	19141631.txt	0.0	1.0	1.0	1.0	0.0	1.0	1.0	1.0	1.0	1.0
3383	19265145.txt	1.0	1.0	1.0	0.0	0.0	1.0	1.0	1.0	0.0	1.0
3386	19266487.txt	1.0	1.0	1.0	1.0	1.0	1.0	1.0	1.0	1.0	1.0
3387	19273555.txt	0.0	1.0	1.0	1.0	1.0	1.0	1.0	1.0	1.0	1.0
3427	19380820.txt	0.0	1.0	1.0	1.0	1.0	1.0	1.0	1.0	1.0	1.0
3429	19381785.txt	0.0	1.0	1.0	1.0	0.0	1.0	1.0	1.0	1.0	1.0
3431	19383546.txt	0.0	1.0	1.0	1.0	1.0	1.0	1.0	1.0	1.0	1.0
3457	19417080.txt	0.0	1.0	1.0	1.0	1.0	1.0	1.0	1.0	1.0	1.0
3463	19429681.txt	0.0	1.0	1.0	1.0	1.0	1.0	1.0	1.0	1.0	1.0
3484	19461880.txt	0.0	0.0	1.0	1.0	1.0	1.0	1.0	1.0	1.0	1.0
3486	19464373.txt	0.0	1.0	1.0	0.0	0.0	1.0	1.0	1.0	0.0	1.0
3487	19465482.txt	0.0	1.0	1.0	0.0	0.0	1.0	1.0	1.0	1.0	1.0
3496	19478445.txt	0.0	1.0	1.0	1.0	0.0	1.0	1.0	1.0	1.0	1.0
3547	19553547.txt	0.0	1.0	1.0	1.0	1.0	1.0	1.0	1.0	1.0	1.0
3552	19561082.txt	1.0	1.0	1.0	1.0	1.0	1.0	1.0	1.0	1.0	1.0
3603	19647033.txt	0.0	1.0	1.0	1.0	1.0	1.0	1.0	1.0	0.0	1.0
3694	19793902.txt	1.0	1.0	1.0	0.0	0.0	1.0	1.0	0.0	0.0	1.0
3699	19797069.txt	1.0	1.0	1.0	1.0	1.0	1.0	1.0	1.0	1.0	1.0
3768	19923722.txt	0.0	1.0	1.0	1.0	1.0	1.0	1.0	1.0	0.0	1.0
3771	19929574.txt	0.0	1.0	1.0	1.0	0.0	1.0	1.0	1.0	1.0	1.0
3817	20023027.txt	0.0	1.0	1.0	1.0	1.0	1.0	1.0	1.0	1.0	1.0
3849	20068036.txt	1.0	1.0	1.0	1.0	1.0	1.0	1.0	1.0	1.0	1.0
3915	20199596.txt	0.0	1.0	1.0	1.0	1.0	1.0	1.0	1.0	1.0	1.0
3957	20345489.txt	0.0	1.0	1.0	1.0	1.0	1.0	1.0	1.0	1.0	1.0
3995	20404075.txt	0.0	1.0	1.0	1.0	1.0	1.0	1.0	1.0	1.0	1.0
3999	20406420.txt	0.0	1.0	1.0	1.0	1.0	1.0	1.0	1.0	1.0	1.0
4008	20421637.txt	0.0	1.0	1.0	1.0	1.0	1.0	1.0	1.0	1.0	1.0
4017	20440844.txt	0.0	1.0	1.0	1.0	1.0	1.0	1.0	1.0	1.0	1.0
4018	20442866.txt	0.0	1.0	1.0	0.0	0.0	1.0	1.0	1.0	1.0	1.0
4033	20469721.txt	1.0	0.0	1.0	0.0	0.0	1.0	1.0	1.0	0.0	1.0
4080	20532227.txt	0.0	1.0	1.0	1.0	1.0	1.0	1.0	1.0	1.0	1.0
4081	20534589.txt	0.0	1.0	1.0	1.0	1.0	1.0	1.0	1.0	1.0	1.0
4089	20554962.txt	1.0	1.0	1.0	1.0	1.0	1.0	1.0	1.0	1.0	1.0
4093	20566831.txt	0.0	1.0	1.0	1.0	1.0	1.0	1.0	1.0	1.0	1.0
4101	20580690.txt	0.0	1.0	1.0	1.0	1.0	1.0	1.0	1.0	1.0	1.0
4117	20608941.txt	0.0	1.0	1.0	1.0	1.0	1.0	1.0	1.0	1.0	1.0
4125	20624904.txt	0.0	1.0	1.0	1.0	1.0	1.0	1.0	1.0	1.0	1.0
4158	20670691.txt	0.0	1.0	1.0	1.0	1.0	1.0	1.0	1.0	1.0	1.0
4161	20679445.txt	1.0	0.0	1.0	0.0	0.0	1.0	1.0	0.0	1.0	1.0
4165	20690924.txt	0.0	1.0	1.0	1.0	1.0	1.0	1.0	1.0	1.0	1.0
4217	20833783.txt	0.0	1.0	1.0	1.0	0.0	1.0	1.0	0.0	0.0	1.0
4230	20855622.txt	0.0	1.0	1.0	1.0	1.0	1.0	1.0	1.0	1.0	1.0
4231	20855886.txt	0.0	1.0	1.0	1.0	1.0	1.0	1.0	1.0	1.0	1.0
4244	20876294.txt	0.0	1.0	1.0	0.0	1.0	1.0	1.0	1.0	1.0	1.0
4285	20975954.txt	0.0	1.0	1.0	1.0	1.0	1.0	1.0	1.0	1.0	1.0
4332	21097508.txt	0.0	1.0	1.0	1.0	1.0	1.0	1.0	1.0	1.0	1.0
4334	21098100.txt	1.0	1.0	1.0	1.0	1.0	1.0	1.0	1.0	1.0	1.0
4378	21177247.txt	0.0	1.0	1.0	1.0	1.0	1.0	1.0	1.0	1.0	1.0
4394	21209283.txt	0.0	1.0	1.0	1.0	1.0	1.0	1.0	1.0	1.0	1.0
4448	21299499.txt	0.0	1.0	1.0	1.0	1.0	1.0	1.0	1.0	1.0	1.0
4458	21321205.txt	1.0	0.0	1.0	0.0	1.0	1.0	1.0	0.0	0.0	1.0
4470	21346188.txt	0.0	1.0	1.0	0.0	0.0	1.0	1.0	1.0	0.0	1.0
4493	21393367.txt	0.0	1.0	1.0	1.0	0.0	1.0	1.0	1.0	0.0	1.0
4507	21423148.txt	0.0	1.0	1.0	1.0	1.0	1.0	1.0	1.0	1.0	1.0
4524	21441512.txt	0.0	1.0	1.0	1.0	1.0	1.0	1.0	1.0	1.0	1.0
4531	21451109.txt	1.0	1.0	1.0	0.0	0.0	1.0	1.0	1.0	0.0	1.0
4565	21502314.txt	0.0	1.0	1.0	1.0	1.0	1.0	1.0	1.0	1.0	1.0
4576	21525010.txt	0.0	1.0	1.0	1.0	1.0	1.0	1.0	1.0	1.0	1.0
4593	21550406.txt	0.0	1.0	1.0	0.0	0.0	1.0	1.0	1.0	0.0	1.0
4603	21573018.txt	1.0	1.0	1.0	1.0	1.0	1.0	1.0	1.0	1.0	1.0
4604	21574022.txt	0.0	1.0	1.0	1.0	1.0	1.0	1.0	1.0	1.0	1.0
4606	21576329.txt	1.0	1.0	1.0	1.0	1.0	1.0	1.0	1.0	1.0	1.0
4648	21646350.txt	0.0	0.0	1.0	1.0	0.0	1.0	1.0	1.0	0.0	1.0
4704	21738582.txt	0.0	1.0	1.0	1.0	1.0	1.0	1.0	1.0	1.0	1.0
4725	21765415.txt	1.0	1.0	1.0	0.0	0.0	1.0	1.0	1.0	1.0	1.0
4767	21831201.txt	0.0	1.0	1.0	1.0	1.0	1.0	1.0	1.0	1.0	1.0
4776	21843629.txt	1.0	1.0	1.0	1.0	1.0	1.0	1.0	1.0	1.0	1.0
4816	21896774.txt	1.0	1.0	1.0	1.0	1.0	1.0	1.0	1.0	1.0	1.0
4831	21909279.txt	0.0	1.0	1.0	1.0	1.0	1.0	1.0	1.0	1.0	1.0
4849	21931534.txt	0.0	1.0	1.0	1.0	0.0	1.0	1.0	1.0	0.0	1.0
4855	21949737.txt	1.0	1.0	1.0	1.0	1.0	1.0	1.0	1.0	1.0	1.0
4860	21956671.txt	0.0	1.0	1.0	1.0	0.0	1.0	1.0	1.0	1.0	1.0
4871	21976665.txt	0.0	1.0	1.0	1.0	1.0	1.0	1.0	1.0	0.0	1.0
4906	2200737.txt	0.0	1.0	1.0	1.0	1.0	1.0	1.0	1.0	0.0	1.0
4910	22018732.txt	1.0	1.0	1.0	1.0	1.0	1.0	1.0	1.0	1.0	1.0
4916	22031759.txt	1.0	1.0	1.0	1.0	1.0	1.0	1.0	1.0	0.0	1.0
4963	22102811.txt	1.0	1.0	1.0	0.0	1.0	1.0	1.0	1.0	1.0	1.0
4964	22102907.txt	0.0	1.0	1.0	1.0	1.0	1.0	1.0	1.0	1.0	1.0
4971	22116355.txt	0.0	1.0	1.0	1.0	1.0	1.0	1.0	1.0	1.0	1.0
4997	22158122.txt	0.0	1.0	1.0	1.0	1.0	1.0	1.0	1.0	1.0	1.0
5041	22232682.txt	0.0	1.0	1.0	1.0	0.0	1.0	1.0	1.0	0.0	1.0
5050	22247545.txt	1.0	1.0	1.0	1.0	1.0	1.0	1.0	1.0	1.0	1.0
5083	22291192.txt	0.0	1.0	1.0	1.0	1.0	1.0	1.0	1.0	1.0	1.0
5096	22303962.txt	0.0	1.0	1.0	1.0	1.0	1.0	1.0	1.0	1.0	1.0
5117	22333221.txt	0.0	0.0	1.0	0.0	1.0	1.0	1.0	1.0	0.0	1.0
5199	22463075.txt	0.0	1.0	1.0	1.0	1.0	1.0	1.0	1.0	1.0	1.0
5203	22467648.txt	0.0	1.0	1.0	1.0	1.0	1.0	1.0	1.0	1.0	1.0
5215	22491319.txt	0.0	1.0	1.0	1.0	0.0	1.0	1.0	0.0	0.0	1.0
5269	22573111.txt	0.0	1.0	1.0	0.0	0.0	1.0	1.0	1.0	1.0	1.0
5275	22581859.txt	0.0	1.0	1.0	1.0	1.0	1.0	1.0	1.0	0.0	1.0
5304	22665377.txt	1.0	1.0	1.0	1.0	1.0	1.0	1.0	1.0	1.0	1.0
5306	22665475.txt	1.0	1.0	1.0	1.0	1.0	1.0	1.0	1.0	1.0	1.0
5308	22672233.txt	0.0	1.0	1.0	1.0	1.0	1.0	1.0	1.0	1.0	1.0
5320	22689813.txt	0.0	1.0	1.0	0.0	0.0	1.0	1.0	1.0	0.0	1.0
5342	22732096.txt	0.0	1.0	1.0	1.0	1.0	1.0	1.0	1.0	1.0	1.0
5363	22768164.txt	0.0	1.0	1.0	1.0	1.0	1.0	1.0	1.0	1.0	1.0
5382	22808273.txt	1.0	1.0	1.0	1.0	1.0	1.0	1.0	1.0	0.0	1.0
5448	22911815.txt	0.0	1.0	1.0	1.0	1.0	1.0	1.0	1.0	1.0	1.0
5466	22925928.txt	0.0	1.0	1.0	1.0	1.0	1.0	1.0	1.0	1.0	1.0
5488	22956584.txt	0.0	1.0	1.0	1.0	1.0	1.0	1.0	1.0	1.0	1.0
5504	22970268.txt	0.0	1.0	1.0	0.0	1.0	1.0	1.0	1.0	0.0	1.0
5515	22982230.txt	0.0	0.0	1.0	1.0	1.0	1.0	1.0	1.0	1.0	1.0
5542	23027537.txt	1.0	1.0	1.0	0.0	0.0	1.0	1.0	1.0	0.0	1.0
5556	23056622.txt	1.0	1.0	1.0	0.0	1.0	1.0	1.0	1.0	0.0	1.0
5563	23071134.txt	0.0	1.0	1.0	1.0	1.0	1.0	1.0	1.0	0.0	1.0
5565	23071281.txt	0.0	1.0	1.0	1.0	1.0	1.0	1.0	1.0	1.0	1.0
5572	23083102.txt	0.0	1.0	1.0	1.0	1.0	1.0	1.0	1.0	1.0	1.0
5573	23086952.txt	0.0	1.0	1.0	1.0	0.0	1.0	1.0	1.0	1.0	1.0
5583	23104803.txt	0.0	1.0	1.0	1.0	1.0	1.0	1.0	1.0	0.0	1.0
5654	23230564.txt	0.0	1.0	1.0	1.0	1.0	1.0	1.0	1.0	1.0	1.0
5670	23251034.txt	0.0	1.0	1.0	1.0	1.0	1.0	1.0	1.0	1.0	1.0
5725	23332158.txt	0.0	1.0	1.0	1.0	1.0	1.0	1.0	1.0	1.0	1.0
5727	23334419.txt	0.0	1.0	1.0	1.0	1.0	1.0	1.0	1.0	0.0	1.0
5728	23334917.txt	0.0	1.0	1.0	1.0	1.0	1.0	1.0	1.0	1.0	1.0
5755	23383273.txt	1.0	1.0	1.0	1.0	1.0	1.0	1.0	1.0	1.0	1.0
5766	23409021.txt	0.0	1.0	1.0	1.0	1.0	1.0	1.0	1.0	1.0	1.0
5767	23409119.txt	0.0	1.0	1.0	1.0	0.0	1.0	1.0	1.0	0.0	1.0
5861	23542009.txt	0.0	1.0	1.0	1.0	0.0	1.0	1.0	1.0	0.0	1.0
5889	23563484.txt	0.0	1.0	1.0	1.0	1.0	1.0	1.0	1.0	1.0	1.0
5921	23613116.txt	0.0	1.0	1.0	1.0	0.0	1.0	1.0	1.0	1.0	1.0
5935	23633953.txt	0.0	1.0	1.0	1.0	1.0	1.0	1.0	1.0	1.0	1.0
5936	23637608.txt	0.0	1.0	1.0	1.0	1.0	1.0	1.0	1.0	1.0	1.0
5937	23637609.txt	0.0	1.0	1.0	1.0	1.0	1.0	1.0	1.0	1.0	1.0
5960	23681886.txt	0.0	1.0	1.0	0.0	0.0	1.0	1.0	1.0	1.0	1.0
5970	23703470.txt	1.0	1.0	1.0	1.0	1.0	1.0	1.0	1.0	1.0	1.0
5994	23754945.txt	1.0	1.0	1.0	1.0	1.0	1.0	1.0	1.0	1.0	1.0
6006	23776216.txt	0.0	1.0	1.0	1.0	1.0	1.0	1.0	1.0	1.0	1.0
6025	23805866.txt	0.0	1.0	1.0	1.0	1.0	1.0	1.0	1.0	1.0	1.0
6059	23861819.txt	0.0	1.0	1.0	1.0	1.0	1.0	1.0	1.0	1.0	1.0
6122	23943762.txt	0.0	1.0	1.0	1.0	1.0	1.0	1.0	1.0	1.0	1.0
6131	23955153.txt	0.0	1.0	1.0	0.0	0.0	1.0	1.0	1.0	1.0	1.0
6155	23986494.txt	0.0	1.0	1.0	1.0	1.0	1.0	1.0	1.0	1.0	1.0
6157	23989145.txt	0.0	1.0	1.0	0.0	0.0	1.0	1.0	1.0	0.0	1.0
6164	23996527.txt	0.0	0.0	1.0	0.0	1.0	1.0	1.0	1.0	0.0	1.0
6185	24028560.txt	0.0	1.0	1.0	1.0	1.0	1.0	1.0	1.0	1.0	1.0
6199	24042111.txt	0.0	1.0	1.0	1.0	1.0	1.0	1.0	1.0	1.0	1.0
6202	24043775.txt	0.0	1.0	1.0	1.0	1.0	1.0	1.0	1.0	1.0	1.0
6212	24055875.txt	0.0	1.0	1.0	1.0	1.0	1.0	1.0	1.0	1.0	1.0
6217	24064215.txt	0.0	1.0	1.0	1.0	1.0	1.0	1.0	1.0	1.0	1.0
6220	24068451.txt	0.0	1.0	1.0	0.0	0.0	1.0	1.0	1.0	0.0	1.0
6224	24078129.txt	0.0	1.0	1.0	0.0	1.0	1.0	1.0	1.0	1.0	1.0
6238	24099577.txt	1.0	1.0	1.0	0.0	0.0	1.0	1.0	0.0	0.0	1.0
6239	24100292.txt	0.0	1.0	1.0	1.0	1.0	1.0	1.0	1.0	1.0	1.0
6257	24127899.txt	0.0	1.0	1.0	1.0	1.0	1.0	1.0	1.0	1.0	1.0
6269	24139401.txt	0.0	1.0	1.0	1.0	1.0	1.0	1.0	1.0	1.0	1.0
6279	24157709.txt	0.0	1.0	1.0	1.0	1.0	1.0	1.0	1.0	1.0	1.0
6284	24166974.txt	0.0	1.0	1.0	0.0	0.0	1.0	1.0	1.0	0.0	1.0
6303	24206648.txt	0.0	1.0	1.0	1.0	1.0	1.0	1.0	1.0	0.0	1.0
6383	24368180.txt	1.0	1.0	1.0	1.0	1.0	1.0	1.0	1.0	1.0	1.0
6409	24395919.txt	1.0	1.0	1.0	0.0	1.0	1.0	1.0	1.0	0.0	1.0
6426	24418622.txt	1.0	1.0	1.0	1.0	1.0	1.0	1.0	1.0	0.0	1.0
6468	24500480.txt	1.0	0.0	1.0	0.0	1.0	1.0	1.0	0.0	0.0	1.0
6528	24590290.txt	0.0	1.0	1.0	1.0	1.0	1.0	1.0	1.0	1.0	1.0
6536	24604726.txt	0.0	1.0	1.0	0.0	0.0	1.0	1.0	1.0	0.0	1.0
6542	24614134.txt	0.0	1.0	1.0	1.0	1.0	1.0	1.0	1.0	1.0	1.0
6564	24657264.txt	0.0	1.0	1.0	1.0	1.0	1.0	1.0	1.0	1.0	1.0
6585	2469767.txt	0.0	1.0	1.0	1.0	1.0	1.0	1.0	1.0	1.0	1.0
6615	24739385.txt	0.0	1.0	1.0	1.0	1.0	1.0	1.0	1.0	1.0	1.0
6620	24746913.txt	0.0	1.0	1.0	1.0	1.0	1.0	1.0	1.0	1.0	1.0
6626	24760758.txt	0.0	1.0	1.0	0.0	1.0	1.0	1.0	1.0	0.0	1.0
6628	24765656.txt	0.0	1.0	1.0	1.0	1.0	1.0	1.0	1.0	1.0	1.0
6640	24786530.txt	1.0	1.0	1.0	1.0	1.0	1.0	1.0	1.0	1.0	1.0
6650	24797940.txt	0.0	1.0	1.0	1.0	1.0	1.0	1.0	1.0	1.0	1.0
6694	24881046.txt	0.0	1.0	1.0	1.0	0.0	1.0	1.0	1.0	1.0	1.0
6701	24895124.txt	1.0	0.0	1.0	0.0	0.0	1.0	1.0	1.0	0.0	1.0
6711	24914891.txt	0.0	1.0	1.0	1.0	1.0	1.0	1.0	1.0	1.0	1.0
6720	24925644.txt	0.0	1.0	1.0	0.0	0.0	1.0	1.0	1.0	0.0	1.0
6729	24935440.txt	0.0	1.0	1.0	1.0	1.0	1.0	1.0	1.0	1.0	1.0
6786	25029544.txt	1.0	1.0	1.0	1.0	0.0	1.0	1.0	1.0	1.0	0.0
6801	25058342.txt	0.0	1.0	1.0	1.0	1.0	1.0	1.0	1.0	1.0	1.0
6829	2510934.txt	0.0	1.0	1.0	1.0	0.0	1.0	1.0	1.0	1.0	1.0
6836	25117516.txt	0.0	1.0	1.0	0.0	1.0	1.0	1.0	1.0	1.0	1.0
6854	25139900.txt	0.0	0.0	1.0	1.0	0.0	1.0	1.0	1.0	0.0	1.0
6864	25162672.txt	0.0	1.0	1.0	0.0	1.0	1.0	1.0	1.0	1.0	1.0
6871	25172092.txt	0.0	1.0	1.0	0.0	0.0	1.0	1.0	1.0	1.0	1.0
6900	25207809.txt	0.0	1.0	1.0	1.0	1.0	1.0	1.0	1.0	1.0	1.0
7002	25391653.txt	0.0	0.0	1.0	1.0	0.0	1.0	1.0	1.0	0.0	1.0
7005	25394204.txt	0.0	1.0	1.0	1.0	0.0	1.0	1.0	1.0	1.0	1.0
7014	25411243.txt	0.0	1.0	1.0	1.0	1.0	1.0	1.0	1.0	1.0	1.0
7064	25482634.txt	0.0	1.0	1.0	1.0	1.0	1.0	1.0	1.0	1.0	1.0
7081	25513777.txt	0.0	1.0	1.0	1.0	1.0	1.0	1.0	1.0	1.0	1.0
7095	25534939.txt	0.0	1.0	1.0	1.0	1.0	1.0	1.0	1.0	1.0	1.0
7153	25632007.txt	0.0	1.0	1.0	1.0	1.0	1.0	1.0	1.0	1.0	1.0
7222	25767889.txt	0.0	1.0	1.0	1.0	1.0	1.0	1.0	1.0	1.0	1.0
7245	25807064.txt	1.0	1.0	1.0	1.0	1.0	1.0	1.0	1.0	1.0	1.0
7306	25889406.txt	1.0	1.0	1.0	1.0	1.0	1.0	1.0	1.0	1.0	1.0
7329	2592561.txt	0.0	1.0	1.0	1.0	1.0	1.0	1.0	1.0	1.0	1.0
7353	25963144.txt	0.0	1.0	1.0	1.0	1.0	1.0	1.0	1.0	1.0	1.0
7377	25995115.txt	0.0	1.0	1.0	0.0	0.0	1.0	1.0	1.0	1.0	1.0
7406	26056944.txt	1.0	1.0	1.0	0.0	0.0	1.0	1.0	0.0	0.0	1.0
7415	26067271.txt	0.0	1.0	1.0	1.0	1.0	1.0	1.0	1.0	1.0	1.0
7430	26088138.txt	0.0	1.0	1.0	1.0	1.0	1.0	1.0	1.0	1.0	1.0
7454	26126119.txt	0.0	1.0	1.0	1.0	1.0	1.0	1.0	1.0	1.0	1.0
7531	26220855.txt	0.0	1.0	1.0	1.0	1.0	1.0	1.0	1.0	1.0	1.0
7582	26320582.txt	0.0	1.0	1.0	1.0	1.0	1.0	1.0	1.0	1.0	1.0
7615	26377177.txt	0.0	1.0	1.0	1.0	1.0	1.0	1.0	1.0	1.0	1.0
7625	26394407.txt	0.0	1.0	1.0	1.0	1.0	1.0	1.0	1.0	1.0	1.0
7781	26614523.txt	0.0	1.0	1.0	0.0	1.0	1.0	1.0	1.0	0.0	1.0
7790	26632487.txt	1.0	1.0	1.0	0.0	0.0	1.0	1.0	1.0	0.0	1.0
7814	26673132.txt	0.0	1.0	1.0	1.0	1.0	1.0	1.0	1.0	0.0	1.0
7891	26822552.txt	0.0	1.0	1.0	0.0	0.0	1.0	1.0	1.0	1.0	1.0
8037	27058235.txt	0.0	1.0	1.0	1.0	0.0	1.0	1.0	1.0	1.0	1.0
8041	27062399.txt	1.0	0.0	1.0	1.0	1.0	1.0	1.0	1.0	1.0	1.0
8078	27114464.txt	0.0	1.0	1.0	1.0	1.0	1.0	1.0	1.0	1.0	1.0
8173	27306458.txt	0.0	1.0	1.0	1.0	1.0	1.0	1.0	1.0	1.0	1.0
8203	27372920.txt	0.0	1.0	1.0	1.0	0.0	1.0	1.0	1.0	0.0	1.0
8282	27503891.txt	0.0	1.0	1.0	0.0	0.0	1.0	1.0	1.0	0.0	1.0
8301	27541856.txt	0.0	1.0	1.0	1.0	1.0	1.0	1.0	1.0	1.0	1.0
8303	27545878.txt	0.0	1.0	1.0	0.0	1.0	1.0	1.0	1.0	0.0	1.0
8312	27572974.txt	0.0	1.0	1.0	1.0	1.0	1.0	1.0	1.0	1.0	1.0
8320	27591049.txt	0.0	1.0	1.0	1.0	1.0	1.0	1.0	1.0	1.0	1.0
8321	27591855.txt	0.0	1.0	1.0	1.0	1.0	1.0	1.0	1.0	1.0	1.0
8351	27637329.txt	0.0	1.0	1.0	1.0	1.0	1.0	1.0	1.0	0.0	1.0
8378	27713867.txt	0.0	1.0	1.0	1.0	1.0	1.0	1.0	1.0	1.0	1.0
8437	27821620.txt	1.0	1.0	1.0	1.0	1.0	1.0	1.0	1.0	1.0	1.0
8571	28085926.txt	1.0	1.0	1.0	1.0	1.0	1.0	1.0	1.0	1.0	1.0
8577	28093457.txt	0.0	1.0	1.0	1.0	1.0	1.0	1.0	1.0	1.0	1.0
8617	28166272.txt	0.0	1.0	1.0	1.0	1.0	1.0	1.0	1.0	1.0	1.0
8657	28222186.txt	0.0	1.0	1.0	1.0	1.0	1.0	1.0	1.0	1.0	1.0
8698	28315682.txt	0.0	1.0	1.0	0.0	1.0	1.0	1.0	1.0	0.0	1.0
8727	28369115.txt	0.0	1.0	1.0	1.0	1.0	1.0	1.0	1.0	0.0	1.0
8741	28393051.txt	0.0	1.0	1.0	1.0	1.0	1.0	1.0	1.0	1.0	1.0
8763	28430783.txt	0.0	0.0	1.0	0.0	1.0	1.0	1.0	1.0	0.0	1.0
8787	28470758.txt	0.0	1.0	1.0	1.0	1.0	1.0	1.0	1.0	1.0	1.0
8806	28499579.txt	0.0	1.0	1.0	1.0	1.0	1.0	1.0	1.0	1.0	1.0
8811	28507064.txt	0.0	1.0	1.0	1.0	1.0	1.0	1.0	1.0	0.0	1.0
8813	28512867.txt	0.0	1.0	1.0	1.0	1.0	1.0	1.0	1.0	1.0	1.0
8823	28533472.txt	0.0	1.0	1.0	1.0	1.0	1.0	1.0	1.0	0.0	1.0
8828	28542489.txt	0.0	1.0	1.0	1.0	0.0	1.0	1.0	1.0	1.0	1.0
8908	28652405.txt	0.0	1.0	1.0	1.0	1.0	1.0	1.0	1.0	0.0	1.0
8915	28668392.txt	0.0	1.0	1.0	0.0	0.0	1.0	1.0	1.0	0.0	1.0
8931	28695742.txt	0.0	1.0	1.0	1.0	1.0	1.0	1.0	1.0	1.0	1.0
8962	28739876.txt	0.0	1.0	1.0	1.0	1.0	1.0	1.0	1.0	1.0	1.0
8968	28745416.txt	0.0	1.0	1.0	1.0	1.0	1.0	1.0	1.0	1.0	1.0
9062	28920954.txt	0.0	1.0	1.0	1.0	0.0	1.0	1.0	1.0	1.0	1.0
9112	29025973.txt	0.0	1.0	1.0	1.0	1.0	1.0	1.0	1.0	1.0	1.0
9121	29040270.txt	0.0	1.0	1.0	1.0	1.0	1.0	1.0	1.0	1.0	1.0
9417	29540475.txt	0.0	1.0	1.0	0.0	1.0	1.0	1.0	1.0	1.0	1.0
9573	29859307.txt	0.0	1.0	1.0	1.0	1.0	1.0	1.0	1.0	0.0	1.0
9583	29868502.txt	0.0	1.0	1.0	1.0	1.0	1.0	1.0	1.0	1.0	1.0
9771	30201777.txt	0.0	1.0	1.0	1.0	1.0	1.0	1.0	1.0	0.0	1.0
9780	30208271.txt	0.0	1.0	1.0	1.0	1.0	1.0	1.0	1.0	1.0	1.0
9783	30212651.txt	0.0	1.0	1.0	1.0	0.0	1.0	1.0	1.0	1.0	1.0
9814	30260060.txt	0.0	1.0	1.0	1.0	0.0	1.0	1.0	1.0	1.0	1.0
9855	30328471.txt	1.0	1.0	1.0	0.0	0.0	1.0	1.0	0.0	0.0	1.0
9898	30426809.txt	0.0	1.0	1.0	0.0	0.0	1.0	1.0	1.0	0.0	1.0
9945	30510071.txt	0.0	1.0	1.0	1.0	1.0	1.0	1.0	1.0	1.0	1.0
9980	30566365.txt	0.0	1.0	1.0	1.0	1.0	1.0	1.0	1.0	1.0	1.0
10139	30864660.txt	0.0	1.0	1.0	1.0	1.0	1.0	1.0	1.0	0.0	1.0
10181	30910870.txt	0.0	1.0	1.0	1.0	1.0	1.0	1.0	1.0	1.0	1.0
10204	30948704.txt	0.0	1.0	1.0	1.0	1.0	1.0	1.0	1.0	1.0	1.0
10273	31036650.txt	0.0	1.0	1.0	1.0	1.0	1.0	1.0	1.0	1.0	1.0
10293	31069272.txt	0.0	1.0	1.0	1.0	1.0	1.0	1.0	1.0	1.0	1.0
10318	31114583.txt	0.0	1.0	1.0	1.0	1.0	1.0	1.0	1.0	1.0	1.0
10363	31177902.txt	0.0	1.0	1.0	1.0	1.0	1.0	1.0	1.0	1.0	1.0
10533	31417085.txt	0.0	1.0	1.0	1.0	1.0	1.0	1.0	1.0	1.0	1.0
10580	31500298.txt	0.0	1.0	1.0	0.0	0.0	1.0	1.0	1.0	0.0	1.0
10607	31543504.txt	0.0	1.0	1.0	1.0	1.0	1.0	1.0	1.0	1.0	1.0
10618	31558608.txt	1.0	1.0	1.0	1.0	1.0	1.0	1.0	1.0	1.0	1.0
10720	31707654.txt	0.0	1.0	1.0	1.0	1.0	1.0	1.0	1.0	1.0	1.0
10726	31722778.txt	0.0	1.0	1.0	1.0	1.0	1.0	1.0	1.0	1.0	1.0
10727	31723028.txt	0.0	1.0	1.0	1.0	1.0	1.0	1.0	1.0	1.0	1.0
10799	31836665.txt	0.0	1.0	1.0	1.0	1.0	1.0	1.0	1.0	1.0	1.0
10859	31918570.txt	1.0	1.0	1.0	1.0	1.0	1.0	1.0	1.0	1.0	1.0
11078	32289173.txt	0.0	1.0	1.0	0.0	0.0	1.0	1.0	1.0	0.0	1.0
11190	32513747.txt	0.0	1.0	1.0	1.0	1.0	1.0	1.0	1.0	1.0	1.0
11266	32658937.txt	0.0	1.0	1.0	1.0	1.0	1.0	1.0	1.0	1.0	1.0
11277	32678275.txt	0.0	1.0	1.0	1.0	1.0	1.0	1.0	1.0	1.0	1.0
11311	32744243.txt	0.0	1.0	1.0	1.0	1.0	1.0	1.0	1.0	1.0	1.0
11374	32846244.txt	0.0	1.0	1.0	1.0	1.0	1.0	1.0	1.0	1.0	1.0
11465	33013867.txt	1.0	1.0	1.0	1.0	1.0	1.0	1.0	1.0	1.0	1.0
11593	33241964.txt	0.0	1.0	1.0	1.0	1.0	1.0	1.0	1.0	1.0	1.0
11613	33277360.txt	0.0	1.0	1.0	1.0	1.0	1.0	1.0	1.0	0.0	1.0
11706	33459133.txt	0.0	1.0	1.0	1.0	1.0	1.0	1.0	1.0	1.0	1.0
11824	33662035.txt	0.0	1.0	1.0	1.0	1.0	1.0	1.0	1.0	1.0	1.0
11849	33735297.txt	0.0	1.0	1.0	1.0	1.0	1.0	1.0	1.0	1.0	1.0
11903	33815386.txt	1.0	1.0	1.0	1.0	1.0	1.0	1.0	1.0	1.0	1.0
11935	33900288.txt	0.0	1.0	1.0	1.0	0.0	1.0	1.0	1.0	0.0	1.0
12159	34394119.txt	0.0	1.0	1.0	0.0	1.0	1.0	1.0	1.0	1.0	1.0
12176	34423453.txt	0.0	1.0	1.0	1.0	1.0	1.0	1.0	1.0	1.0	1.0
12188	34445234.txt	0.0	1.0	1.0	0.0	0.0	1.0	1.0	1.0	0.0	1.0
12452	35037691.txt	0.0	1.0	1.0	1.0	1.0	1.0	1.0	1.0	1.0	1.0
12469	35089437.txt	1.0	1.0	1.0	0.0	1.0	1.0	1.0	1.0	0.0	1.0
12629	3911948.txt	0.0	1.0	1.0	1.0	1.0	1.0	1.0	1.0	1.0	1.0
12718	6223077.txt	0.0	1.0	1.0	1.0	1.0	1.0	1.0	1.0	1.0	1.0
12720	6234363.txt	0.0	1.0	1.0	0.0	1.0	1.0	1.0	1.0	0.0	1.0
12862	7522034.txt	0.0	1.0	1.0	1.0	1.0	1.0	1.0	1.0	1.0	1.0
12881	7603574.txt	0.0	1.0	1.0	1.0	1.0	1.0	1.0	1.0	1.0	1.0
12903	7678619.txt	0.0	1.0	1.0	0.0	0.0	1.0	1.0	1.0	0.0	1.0
12921	7765875.txt	0.0	1.0	1.0	1.0	0.0	1.0	1.0	1.0	0.0	1.0
12924	7788293.txt	0.0	1.0	1.0	1.0	1.0	1.0	1.0	1.0	1.0	1.0
12933	7826360.txt	0.0	1.0	1.0	0.0	0.0	1.0	1.0	1.0	0.0	1.0
12971	7995956.txt	0.0	1.0	1.0	1.0	1.0	1.0	1.0	1.0	1.0	1.0
12986	806523.txt	0.0	1.0	1.0	0.0	1.0	1.0	1.0	1.0	1.0	1.0
12992	8090768.txt	0.0	1.0	1.0	1.0	1.0	1.0	1.0	1.0	1.0	1.0
12997	8107826.txt	0.0	1.0	1.0	1.0	1.0	1.0	1.0	1.0	1.0	1.0
13014	8188363.txt	0.0	1.0	1.0	1.0	1.0	1.0	1.0	1.0	1.0	1.0
13044	8349603.txt	0.0	0.0	1.0	0.0	0.0	1.0	1.0	1.0	1.0	1.0
13059	8428978.txt	0.0	1.0	1.0	1.0	1.0	1.0	1.0	1.0	1.0	1.0
13066	8454362.txt	0.0	1.0	1.0	1.0	0.0	1.0	1.0	1.0	1.0	1.0
13069	8477845.txt	0.0	1.0	1.0	1.0	1.0	1.0	1.0	1.0	1.0	1.0
13073	8490244.txt	0.0	1.0	1.0	1.0	0.0	1.0	1.0	1.0	0.0	1.0
13082	8529662.txt	0.0	1.0	1.0	1.0	0.0	1.0	1.0	1.0	1.0	1.0
13100	8576201.txt	0.0	1.0	1.0	1.0	1.0	1.0	1.0	1.0	1.0	1.0
13112	8626695.txt	0.0	0.0	1.0	0.0	0.0	1.0	1.0	1.0	1.0	1.0
13116	8643579.txt	0.0	1.0	1.0	0.0	0.0	1.0	1.0	1.0	1.0	1.0
13120	8666822.txt	0.0	1.0	1.0	1.0	1.0	1.0	1.0	1.0	1.0	1.0
13145	8780508.txt	0.0	1.0	1.0	1.0	1.0	1.0	1.0	1.0	1.0	1.0
13150	8806687.txt	0.0	1.0	1.0	0.0	1.0	1.0	1.0	1.0	1.0	1.0
13152	8809039.txt	0.0	1.0	1.0	1.0	1.0	1.0	1.0	1.0	1.0	1.0
13154	8816411.txt	0.0	1.0	1.0	1.0	1.0	1.0	1.0	1.0	1.0	1.0
13163	8855323.txt	0.0	1.0	1.0	1.0	1.0	1.0	1.0	1.0	1.0	1.0
13179	8943398.txt	0.0	1.0	1.0	1.0	1.0	1.0	1.0	1.0	1.0	1.0
13181	8955886.txt	0.0	1.0	1.0	1.0	1.0	1.0	1.0	1.0	1.0	1.0
13187	8971721.txt	0.0	1.0	1.0	1.0	1.0	1.0	1.0	1.0	1.0	1.0
13197	9001210.txt	0.0	1.0	1.0	1.0	1.0	1.0	1.0	1.0	1.0	1.0
13208	9030541.txt	0.0	0.0	1.0	1.0	0.0	1.0	1.0	1.0	0.0	1.0
13211	9050847.txt	0.0	1.0	1.0	0.0	1.0	1.0	1.0	1.0	1.0	1.0
13222	9114010.txt	0.0	1.0	1.0	1.0	1.0	1.0	1.0	1.0	1.0	1.0
13233	9169445.txt	1.0	1.0	1.0	1.0	1.0	1.0	1.0	1.0	1.0	1.0
13235	9171108.txt	0.0	1.0	1.0	1.0	1.0	1.0	1.0	1.0	1.0	1.0
13256	9250659.txt	0.0	1.0	1.0	1.0	1.0	1.0	1.0	1.0	1.0	1.0
13265	9284130.txt	0.0	1.0	1.0	0.0	1.0	1.0	1.0	1.0	0.0	1.0
13272	9312002.txt	0.0	1.0	1.0	1.0	1.0	1.0	1.0	1.0	1.0	1.0
13279	9341130.txt	0.0	0.0	1.0	0.0	1.0	1.0	1.0	1.0	0.0	1.0
13284	9388200.txt	0.0	1.0	1.0	1.0	1.0	1.0	1.0	1.0	1.0	1.0
13317	9513041.txt	0.0	1.0	1.0	1.0	1.0	1.0	1.0	1.0	1.0	1.0
13324	9528748.txt	0.0	1.0	1.0	1.0	0.0	1.0	1.0	1.0	0.0	1.0
13325	9529088.txt	0.0	1.0	1.0	0.0	0.0	1.0	1.0	1.0	0.0	1.0
13347	9639558.txt	0.0	1.0	1.0	0.0	0.0	1.0	1.0	1.0	0.0	1.0
13350	9659909.txt	0.0	1.0	1.0	1.0	1.0	1.0	1.0	1.0	1.0	1.0
13390	9738023.txt	0.0	1.0	1.0	1.0	1.0	1.0	1.0	1.0	0.0	1.0
13407	9783822.txt	1.0	1.0	1.0	1.0	1.0	1.0	1.0	1.0	1.0	1.0
13411	9794230.txt	0.0	1.0	1.0	1.0	1.0	1.0	1.0	1.0	1.0	1.0
13423	9826699.txt	0.0	1.0	1.0	0.0	1.0	1.0	1.0	1.0	0.0	1.0
13424	9834088.txt	1.0	1.0	1.0	1.0	0.0	1.0	1.0	1.0	1.0	1.0
13442	9889186.txt	0.0	1.0	1.0	1.0	1.0	1.0	1.0	1.0	1.0	1.0
