10807402,"1"
10948173,"1"
10950785,"1"
11119516,"1"
11179291,"1"
11254553,"1"
11292739,"1"
11466338,"1"
11500432,"1"
11531949,"1"
11751976,"1"
12011031,"1"
12472841,"1"
12488564,"1"
12761119,"1"
14760942,"1"
15039304,"1"
15452181,"1"
15557597,"1"
15617521,"1"
15664914,"1"
15731037,"1"
15829401,"1"
15864780,"1"
15887115,"1"
15940666,"1"
16040961,"1"
16081829,"1"
16107279,"1"
16113266,"1"
16184519,"1"
16299317,"1"
16369686,"1"
24196432,"1"
23545566,"1"
23307809,"1"
23189125,"1"
22728762,"1"
22551807,"1"
22069376,"1"
21892173,"1"
21628519,"1"
11500432,"1"
31857085,"1"
26557697,"1"
23509146,"1"
17929089,"1"
17894423,"1"
16710454,"1"
16369686,"1"
16113266,"1"
16081829,"1"
15731037,"1"
11292739,"1"
9632691,"1"
14635040,"1"
32777979,"1"
32116095,"1"
20828565,"1"
19309365,"1"
16493599,"1"
16482216,"1"
16426773,"1"
20630471,"1"
12472841,"1"
24325366,"1"
32566588,"1"
23746244,"1"
25352374,"1"
32634127,"1"
31010851,"1"
28939643,"1"
16299317,"1"
15358660,"1"
11531949,"1"
2237403,"1"
19933855,"1"
19855398,"1"
12538673,"1"
12071677,"1"
11918712,"1"
31805013,"1"
29914927,"1"
29194752,"1"
27389350,"1"
26940070,"1"
16621997,"1"
16710454,"1"
16751401,"1"
16926411,"1"
17000004,"1"
17215251,"1"
17436230,"1"
17894423,"1"
17929089,"1"
17998313,"1"
18039834,"1"
18212072,"1"
1849508,"1"
18641348,"1"
10512755,"1"
10535482,"1"
10586069,"1"
10692120,"1"
10768988,"1"
10807402,"1"
10948173,"1"
11020382,"1"
11119516,"1"
11204803,"1"
11207625,"1"
11292739,"1"
11387317,"1"
11466338,"1"
11500432,"1"
11531949,"1"
11559643,"1"
11728477,"1"
11751976,"1"
11788577,"1"
11854212,"1"
12102690,"1"
12488564,"1"
12719455,"1"
12761119,"1"
12925134,"1"
12957354,"1"
11119516,"1"
11179291,"1"
11254553,"1"
11254733,"1"
11292739,"1"
10347123,"1"
10807402,"1"
10858247,"1"
10948173,"1"
10950785,"1"
11466338,"1"
11500432,"1"
11500480,"1"
11531949,"1"
11559643,"1"
11716527,"1"
11751976,"1"
11788577,"1"
12011031,"1"
12454053,"1"
12472841,"1"
12488564,"1"
12761119,"1"
14760942,"1"
15039304,"1"
15452181,"1"
15557597,"1"
15617521,"1"
15731037,"1"
15864780,"1"
15887115,"1"
16040961,"1"
16081829,"1"
16107279,"1"
16113266,"1"
16184519,"1"
16299317,"1"
12080425,"0"
23082699,"0"
14668339,"0"
23041326,"0"
9774684,"0"
16390457,"0"
10939271,"0"
30462182,"0"
27982438,"0"
23586756,"0"
19139233,"0"
21139371,"0"
29176978,"0"
16730458,"0"
27815178,"0"
26385509,"0"
18602730,"0"
24529598,"0"
22304382,"0"
30176453,"0"
29197248,"0"
26529045,"0"
1429865,"0"
19494310,"0"
19303388,"0"
27796180,"0"
22231476,"0"
32413093,"0"
15216904,"0"
21912419,"0"
21535855,"0"
7894955,"0"
22242953,"0"
28320945,"0"
27974539,"0"
18477216,"0"
27221772,"0"
30252579,"0"
21888646,"0"
24268109,"0"
4280219,"0"
21486688,"0"
24815436,"0"
27623462,"0"
23624106,"0"
25117328,"0"
24837777,"0"
26030354,"0"
20689906,"0"
15153771,"0"
11137602,"0"
31579997,"0"
9166795,"0"
8977167,"0"
22638789,"0"
29240761,"0"
12526603,"0"
29743972,"0"
11523894,"0"
10984403,"0"
26457023,"0"
15733366,"0"
16403883,"0"
18651694,"0"
9116041,"0"
25002586,"0"
25161916,"0"
27609602,"0"
10751424,"0"
29949349,"0"
27824604,"0"
22768219,"0"
33121494,"0"
20077894,"0"
23973845,"0"
28538177,"0"
18817081,"0"
2036423,"0"
12538484,"0"
29605458,"0"
27365625,"0"
7460901,"0"
23598434,"0"
30291429,"0"
11092865,"0"
22958291,"0"
22904291,"0"
31601165,"0"
20308296,"0"
27106706,"0"
10209816,"0"
3254940,"0"
26950114,"0"
11837710,"0"
12445227,"0"
23238642,"0"
16113356,"0"
21767634,"0"
12626573,"0"
19484275,"0"
11562897,"0"
17687012,"0"
18754784,"0"
20183752,"0"
228708,"0"
29715685,"0"
23240492,"0"
12067384,"0"
23627212,"0"
19296845,"0"
29288512,"0"
29964775,"0"
19486238,"0"
28007428,"0"
12672064,"0"
16247302,"0"
1688427,"0"
11297268,"0"
24201302,"0"
16715818,"0"
23132690,"0"
23144964,"0"
2458318,"0"
27303639,"0"
33171537,"0"
29022309,"0"
27438770,"0"
26859680,"0"
32006752,"0"
17013811,"0"
1833426,"0"
25953003,"0"
11958675,"0"
18097001,"0"
9759841,"0"
22916030,"0"
26666482,"0"
22102279,"0"
19805538,"0"
30186562,"0"
30702938,"0"
18242114,"0"
23579440,"0"
15004329,"0"
17725604,"0"
11585918,"0"
16252812,"0"
22544936,"0"
17033109,"0"
12153713,"0"
8579371,"0"
31249813,"0"
25198129,"0"
11879819,"0"
21989355,"0"
33030050,"0"
29635066,"0"
17130252,"0"
17725649,"0"
12864814,"0"
19173180,"0"
2609703,"0"
23818011,"0"
24841487,"0"
29808417,"0"
24222437,"0"
12475929,"0"
14560448,"0"
15016031,"0"
15477656,"0"
19525268,"0"
19592275,"0"
23555903,"0"
11505380,"0"
7925393,"0"
12017931,"0"
3969604,"0"
24463216,"0"
31855753,"0"
19538930,"0"
7404087,"0"
32027491,"0"
28739876,"0"
3010867,"0"
18308638,"0"
18391004,"0"
22434718,"0"
20696615,"0"
18971912,"0"
7026081,"0"
17159207,"0"
16980452,"0"
12007866,"0"
16672525,"0"
26266414,"0"
9002736,"0"
829072,"0"
31680977,"0"
21668513,"0"
15134649,"0"
24949016,"0"
27549172,"0"
29420567,"0"
11442838,"0"
11705967,"0"
24498433,"0"
30127400,"0"
8451879,"0"
17624592,"0"
17266719,"0"
23064344,"0"
7961967,"0"
10892745,"0"
25541526,"0"
1509825,"0"
9837990,"0"
11624974,"0"
24643536,"0"
28762287,"0"
8318136,"0"
27624780,"0"
29731713,"0"
17409215,"0"
27232415,"0"
7929243,"0"
31303954,"0"
14597284,"0"
30123634,"0"
21707057,"0"
17182546,"0"
17216975,"0"
14660562,"0"
19084435,"0"
16547705,"0"
17384776,"0"
24994463,"0"
9881816,"0"
20699590,"0"
30221044,"0"
29915564,"0"
23404483,"0"
22337896,"0"
1983703,"0"
15220669,"0"
11731175,"0"
31829117,"0"
29263929,"0"
33050010,"0"
17996682,"0"
10349175,"0"
30026585,"0"
31129411,"0"
28688366,"0"
19912454,"0"
20553716,"0"
1267445,"0"
17933890,"0"
19342651,"0"
8046106,"0"
15879881,"0"
25217516,"0"
26763856,"0"
9542778,"0"
18795286,"0"
23410935,"0"
28978023,"0"
12379709,"0"
16002672,"0"
23413188,"0"
25311624,"0"
8349095,"0"
12826054,"0"
31309556,"0"
1509826,"0"
10036948,"0"
24671707,"0"
29739166,"0"
21716958,"0"
30370695,"0"
12243559,"0"
15356115,"0"
12734381,"0"
27110570,"0"
12583518,"0"
28984027,"0"
10223091,"0"
15660792,"0"
14559092,"0"
10931129,"0"
9925580,"0"
2139801,"0"
14998398,"0"
11472417,"0"
18758744,"0"
7522034,"0"
17215335,"0"
3712107,"0"
23984642,"0"
29562987,"0"
16012843,"0"
15242297,"0"
17600041,"0"
20921281,"0"
2873130,"0"
7212185,"0"
33188780,"0"
26149110,"0"
17185554,"0"
23853587,"0"
16441873,"0"
19487810,"0"
22384145,"0"
8534540,"0"
15096543,"0"
30610917,"0"
17428648,"0"
28188658,"0"
28070325,"0"
25982130,"0"
23195281,"0"
1778432,"0"
10490950,"0"
27716057,"0"
12140334,"0"
23396038,"0"
2373190,"0"
17372201,"0"
10768949,"0"
15936267,"0"
29621196,"0"
19289103,"0"
11014911,"0"
25568522,"0"
30516466,"0"
10760288,"0"
21864997,"0"
20615881,"0"
11959866,"0"
18443119,"0"
30521865,"0"
8900573,"0"
19860257,"0"
16505165,"0"
16634885,"0"
17061489,"0"
19159432,"0"
14575371,"0"
12835930,"0"
10606765,"0"
1840679,"0"
17442335,"0"
20152022,"0"
2031408,"0"
26657757,"0"
11537268,"0"
8634272,"0"
17932476,"0"
12943837,"0"
23298258,"0"
11389146,"0"
17000869,"0"
31869669,"0"
27645561,"0"
32801445,"0"
28093457,"0"
30465827,"0"
30632732,"0"
32703007,"0"
15995200,"0"
14871211,"0"
30709517,"0"
29027691,"0"
12847254,"0"
8335800,"0"
21070234,"0"
2386418,"0"
21680705,"0"
26350128,"0"
7913462,"0"
29479340,"0"
19052044,"0"
12723370,"0"
20080535,"0"
16482346,"0"
31478826,"0"
11533710,"0"
24349432,"0"
21632541,"0"
19216664,"0"
9108238,"0"
28837088,"0"
27766173,"0"
15827537,"0"
15861957,"0"
26305189,"0"
23340309,"0"
17096643,"0"
28604829,"0"
21341264,"0"
30095211,"0"
16818759,"0"
22798686,"0"
31364370,"0"
31096414,"0"
25886078,"0"
23223712,"0"
16820472,"0"
22166569,"0"
15024774,"0"
11681909,"0"
2904440,"0"
17085766,"0"
12533065,"0"
11139209,"0"
8809306,"0"
15567127,"0"
14617792,"0"
31731573,"0"
6703894,"0"
27098822,"0"
25456061,"0"
9507758,"0"
7629056,"0"
19106464,"0"
28978509,"0"
27782179,"0"
31174158,"0"
27188438,"0"
21196373,"0"
11686501,"0"
7816798,"0"
17600061,"0"
24475038,"0"
28665957,"0"
26735734,"0"
21247715,"0"
9234670,"0"
21849159,"0"
26316141,"0"
8370727,"0"
15980239,"0"
16620788,"0"
7972108,"0"
25849986,"0"
18329005,"0"
28284613,"0"
31591915,"0"
22230589,"0"
9738885,"0"
24479042,"0"
30355641,"0"
12635472,"0"
16850160,"0"
28919284,"0"
32245418,"0"
33131029,"0"
29363668,"0"
28467184,"0"
12015947,"0"
11507047,"0"
32795510,"0"
16157486,"0"
17631048,"0"
23838045,"0"
32568052,"0"
32851903,"0"
26459907,"0"
23672492,"0"
15449114,"0"
25527377,"0"
28846497,"0"
23927962,"0"
21757685,"0"
17384261,"0"
29721385,"0"
11885270,"0"
29460760,"0"
29718143,"0"
30851928,"0"
30605077,"0"
21454545,"0"
32315521,"0"
29859047,"0"
17575196,"0"
8764837,"0"
8549805,"0"
17670880,"0"
32064741,"0"
16151213,"0"
16180207,"0"
18226915,"0"
8436052,"0"
24882911,"0"
8974330,"0"
23987523,"0"
29248470,"0"
28800590,"0"
31377943,"0"
31385305,"0"
30275568,"0"
22150778,"0"
31233063,"0"
25933594,"0"
10970094,"0"
27667687,"0"
26216741,"0"
32229721,"0"
24140557,"0"
31053353,"0"
32408202,"0"
2129610,"0"
15212288,"0"
23292696,"0"
7836926,"0"
28533660,"0"
15653848,"0"
25076165,"0"
29861455,"0"
31417181,"0"
31492962,"0"
23678633,"0"
21996456,"0"
28668392,"0"
23410864,"0"
30131791,"0"
8998982,"0"
31333640,"0"
28736974,"0"
21735366,"0"
1820353,"0"
4861179,"0"
9824394,"0"
24243287,"0"
30725003,"0"
31654638,"0"
11117642,"0"
11287001,"0"
28974040,"0"
29375129,"0"
7716748,"0"
9892717,"0"
11397793,"0"
3004429,"0"
31378381,"0"
17085697,"0"
17600076,"0"
22089204,"0"
18819625,"0"
15533793,"0"
21585602,"0"
32294408,"0"
17951390,"0"
2471835,"0"
23589574,"0"
27666508,"0"
10567989,"0"
23468111,"0"
24875188,"0"
25787965,"0"
21481238,"0"
26719078,"0"
24063616,"0"
14970228,"0"
29362999,"0"
26248802,"0"
32127259,"0"
27757760,"0"
12464623,"0"
18342005,"0"
12490995,"0"
18484206,"0"
12217413,"0"
11124544,"0"
26045257,"0"
27498315,"0"
17236159,"0"
16459072,"0"
31242036,"0"
29758578,"0"
29018439,"0"
26266118,"0"
29555929,"0"
29739922,"0"
27362371,"0"
24566885,"0"
10559167,"0"
9158719,"0"
31190298,"0"
18768616,"0"
29787791,"0"
9537360,"0"
18669265,"0"
10354596,"0"
18701313,"0"
7684382,"0"
31266785,"0"
19259669,"0"
28179596,"0"
21036327,"0"
29470790,"0"
25845484,"0"
15138274,"0"
19392798,"0"
27606318,"0"
23844515,"0"
31353650,"0"
22381615,"0"
17019761,"0"
31310695,"0"
2163105,"0"
24213101,"0"
2048254,"0"
9687439,"0"
17709521,"0"
24934861,"0"
16138194,"0"
1953632,"0"
16219475,"0"
7721697,"0"
30601865,"0"
31479609,"0"
15516577,"0"
19007234,"0"
9006051,"0"
33143624,"0"
29642121,"0"
28289911,"0"
24219429,"0"
24859914,"0"
31441745,"0"
32809108,"0"
18346153,"0"
28708308,"0"
15213445,"0"
12145722,"0"
28625026,"0"
32164284,"0"
26378446,"0"
23334414,"0"
29379500,"0"
9287023,"0"
10418099,"0"
25909486,"0"
29665436,"0"
32726085,"0"
15667261,"0"
16552054,"0"
25701387,"0"
1946065,"0"
29703884,"0"
32101389,"0"
2101469,"0"
11296664,"0"
26986695,"0"
18264131,"0"
27108964,"0"
22088968,"0"
31665359,"0"
22646243,"0"
1370443,"0"
31258864,"0"
28642013,"0"
17159923,"0"
27096940,"0"
7474349,"0"
16751404,"0"
10655404,"0"
27206797,"0"
29477805,"0"
29803608,"0"
28118604,"0"
14650577,"0"
15922307,"0"
11443098,"0"
29939728,"0"
31323710,"0"
26744526,"0"
15284678,"0"
2611204,"0"
28497996,"0"
17726154,"0"
25888170,"0"
26217917,"0"
10511881,"0"
25580363,"0"
16412042,"0"
29038055,"0"
28454709,"0"
22889301,"0"
32044024,"0"
28634053,"0"
31243963,"0"
20078764,"0"
6753539,"0"
31272872,"0"
24431683,"0"
31284979,"0"
10214855,"0"
21752429,"0"
18474357,"0"
27128095,"0"
19396324,"0"
16791589,"0"
28963348,"0"
27342046,"0"
31079999,"0"
20368349,"0"
15281938,"0"
7871241,"0"
16349740,"0"
31560378,"0"
26132104,"0"
26185587,"0"
25128814,"0"
30191410,"0"
8703334,"0"
17064698,"0"
8987602,"0"
19306614,"0"
3223906,"0"
11751011,"0"
9270868,"0"
15723540,"0"
27795362,"0"
15553641,"0"
21435327,"0"
31387584,"0"
24442439,"0"
23648421,"0"
2099025,"0"
24442431,"0"
27716288,"0"
12958890,"0"
28251652,"0"
7517936,"0"
23250823,"0"
21713649,"0"
18601810,"0"
23971531,"0"
21959330,"0"
21575704,"0"
16709873,"0"
26306334,"0"
29476206,"0"
10800246,"0"
29707159,"0"
11943354,"0"
20390355,"0"
2515803,"0"
25022303,"0"
18178251,"0"
29665289,"0"
1512283,"0"
31849924,"0"
1660040,"0"
32821113,"0"
2680682,"0"
1595160,"0"
10788346,"0"
24767577,"0"
28894447,"0"
30787388,"0"
27764236,"0"
17311932,"0"
28455373,"0"
19824039,"0"
23554953,"0"
24489090,"0"
23298320,"0"
25463789,"0"
23746201,"0"
12134669,"0"
20941575,"0"
21349650,"0"
27171316,"0"
19158267,"0"
18437297,"0"
30061194,"0"
15948948,"0"
19521869,"0"
15084807,"0"
11019637,"0"
9752010,"0"
26700174,"0"
23861819,"0"
24768774,"0"
30381460,"0"
30536875,"0"
29367359,"0"
30458997,"0"
24308511,"0"
12197092,"0"
30258886,"0"
15579374,"0"
1579850,"0"
32585151,"0"
22724893,"0"
11897074,"0"
24899019,"0"
15796274,"0"
4907881,"0"
26537246,"0"
19630511,"0"
14713106,"0"
22724544,"0"
17536686,"0"
17964085,"0"
17804031,"0"
25652856,"0"
31226163,"0"
21494997,"0"
21618359,"0"
26769865,"0"
2988542,"0"
16784203,"0"
17095127,"0"
18554386,"0"
29520273,"0"
22961888,"0"
31800767,"0"
9822272,"0"
8049744,"0"
20643340,"0"
32527082,"0"
31409979,"0"
26091955,"0"
8008534,"0"
29395999,"0"
30506375,"0"
28703802,"0"
18502056,"0"
10961952,"0"
30226939,"0"
28821872,"0"
28006650,"0"
21696461,"0"
14598987,"0"
30340321,"0"
18347102,"0"
22174676,"0"
25248741,"0"
29042015,"0"
30557752,"0"
28389540,"0"
16496854,"0"
25466683,"0"
30221762,"0"
8863793,"0"
6642043,"0"
19426207,"0"
32841666,"0"
27666388,"0"
19270099,"0"
2540272,"0"
32802314,"0"
30298811,"0"
26267242,"0"
29764953,"0"
32897872,"0"
14624311,"0"
18427741,"0"
26968628,"0"
21356370,"0"
18059279,"0"
16459143,"0"
9425245,"0"
29523689,"0"
22683545,"0"
20921987,"0"
19265151,"0"
25394474,"0"
12683971,"0"
32372188,"0"
25816978,"0"
26272503,"0"
16617022,"0"
27578214,"0"
23317583,"0"
25371514,"0"
8174563,"0"
16958910,"0"
11748281,"0"
28368721,"0"
2970195,"0"
24757216,"0"
32114240,"0"
27496201,"0"
10918979,"0"
12847548,"0"
7976085,"0"
22997765,"0"
30105518,"0"
15972470,"0"
23892865,"0"
24204196,"0"
27550935,"0"
25149592,"0"
15766790,"0"
8634271,"0"
19571374,"0"
28687373,"0"
32005108,"0"
9306698,"0"
17000779,"0"
28432035,"0"
29253595,"0"
3511763,"0"
16517731,"0"
1953930,"0"
9103642,"0"
17368762,"0"
26489344,"0"
20580090,"0"
30003063,"0"
24839494,"0"
10945782,"0"
8203905,"0"
19633120,"0"
26349822,"0"
14682576,"0"
26600207,"0"
32164639,"0"
12480933,"0"
9973513,"0"
32535205,"0"
26297794,"0"
22982307,"0"
32066445,"0"
27193154,"0"
8533132,"0"
16148102,"0"
16535358,"0"
7751036,"0"
25480751,"0"
31570561,"0"
28196385,"0"
22097118,"0"
28978923,"0"
32272490,"0"
21858409,"0"
32132598,"0"
15547278,"0"
24531688,"0"
1682251,"0"
27815129,"0"
12325122,"0"
28581446,"0"
25431955,"0"
1531541,"0"
19202095,"0"
12952083,"0"
18794292,"0"
30564561,"0"
21212529,"0"
23606247,"0"
16522473,"0"
12678959,"0"
1970649,"0"
11465053,"0"
17383976,"0"
25299518,"0"
11290557,"0"
29224778,"0"
30280689,"0"
3300452,"0"
8082771,"0"
28424828,"0"
18190995,"0"
21690321,"0"
16868782,"0"
30480469,"0"
25110001,"0"
28179106,"0"
31680284,"0"
31601817,"0"
9305750,"0"
25711627,"0"
29097322,"0"
31424353,"0"
27045438,"0"
30125599,"0"
29560500,"0"
25538271,"0"
11540842,"0"
28821902,"0"
22432415,"0"
18061461,"0"
25927681,"0"
28988032,"0"
16982895,"0"
15932986,"0"
17150027,"0"
6330740,"0"
16445682,"0"
23918568,"0"
28718839,"0"
29593666,"0"
16788193,"0"
28288170,"0"
24566627,"0"
9625759,"0"
19783626,"0"
24093783,"0"
24076636,"0"
27208177,"0"
24180409,"0"
28447375,"0"
28325862,"0"
23797666,"0"
17972941,"0"
16921381,"0"
9427292,"0"
16505140,"0"
17035093,"0"
406557,"0"
31834083,"0"
25471571,"0"
17380303,"0"
25514093,"0"
23581822,"0"
20016852,"0"
2499078,"0"
17015708,"0"
11073931,"0"
19620317,"0"
21646400,"0"
7696109,"0"
25168297,"0"
26544512,"0"
10096493,"0"
21455265,"0"
24036262,"0"
21666690,"0"
24245827,"0"
26168988,"0"
16785522,"0"
27709461,"0"
24997315,"0"
11738827,"0"
26132162,"0"
24509127,"0"
30998992,"0"
25037150,"0"
24467988,"0"
32592907,"0"
12732551,"0"
30694219,"0"
20465577,"0"
24755935,"0"
30422895,"0"
15787094,"0"
27037592,"0"
31656492,"0"
29165050,"0"
1692316,"0"
30889825,"0"
17944676,"0"
14734115,"0"
25109979,"0"
31507553,"0"
23659669,"0"
10753441,"0"
26312965,"0"
71172,"0"
15380559,"0"
32251844,"0"
20639648,"0"
11104070,"0"
12626799,"0"
31964726,"0"
8476584,"0"
18779172,"0"
21386205,"0"
20163613,"0"
24723452,"0"
12472994,"0"
782606,"0"
26458769,"0"
15312134,"0"
26170700,"0"
28758305,"0"
19859526,"0"
8326132,"0"
15872220,"0"
16008618,"0"
11443555,"0"
21988353,"0"
30834548,"0"
17178921,"0"
16467301,"0"
12429070,"0"
12649942,"0"
27658023,"0"
31003915,"0"
32124236,"0"
31087974,"0"
29277757,"0"
18237828,"0"
25546331,"0"
11857340,"0"
30281069,"0"
33132649,"0"
30274155,"0"
33182686,"0"
9802012,"0"
8165666,"0"
21576321,"0"
24412610,"0"
30847161,"0"
28357988,"0"
31550680,"0"
16355772,"0"
1801836,"0"
22351016,"0"
23062201,"0"
32247972,"0"
2415458,"0"
23150392,"0"
31199855,"0"
19342675,"0"
12400863,"0"
29672854,"0"
21279346,"0"
29410654,"0"
18451996,"0"
12270782,"0"
29511057,"0"
17256284,"0"
24435797,"0"
1533216,"0"
32325523,"0"
23278311,"0"
29168180,"0"
19234125,"0"
18417738,"0"
12450706,"0"
29980232,"0"
27897270,"0"
19498052,"0"
23141644,"0"
11931390,"0"
32391006,"0"
31182484,"0"
30012863,"0"
10585541,"0"
24436142,"0"
2220165,"0"
25879490,"0"
19414555,"0"
22112942,"0"
20228796,"0"
12109877,"0"
31031141,"0"
28112221,"0"
19349688,"0"
23433011,"0"
32741563,"0"
25291404,"0"
25551215,"0"
24572363,"0"
2688713,"0"
27337480,"0"
32038896,"0"
23548750,"0"
32196708,"0"
28132487,"0"
10092094,"0"
21306085,"0"
25828455,"0"
22235645,"0"
26465331,"0"
20971829,"0"
23685425,"0"
24487538,"0"
19013470,"0"
3780871,"0"
24930844,"0"
28414956,"0"
17317252,"0"
18832043,"0"
15162538,"0"
30384063,"0"
10891657,"0"
12130663,"0"
31848339,"0"
26513744,"0"
27215684,"0"
32168777,"0"
14741133,"0"
17589542,"0"
31594801,"0"
15978077,"0"
16326113,"0"
21345213,"0"
12752123,"0"
24498347,"0"
26015476,"0"
21474118,"0"
1468743,"0"
8706713,"0"
22084083,"0"
22412157,"0"
22919581,"0"
15767780,"0"
31307915,"0"
9131621,"0"
29762617,"0"
11488662,"0"
13416511,"0"
4907882,"0"
26648105,"0"
18441229,"0"
20222012,"0"
26438324,"0"
10970874,"0"
25129834,"0"
9372794,"0"
25397673,"0"
28119370,"0"
29290145,"0"
29632724,"0"
16701327,"0"
15723810,"0"
9921948,"0"
28857279,"0"
15321987,"0"
29500372,"0"
23180527,"0"
32867670,"0"
15288307,"0"
27590561,"0"
22995323,"0"
8983198,"0"
28320357,"0"
32174921,"0"
24613851,"0"
24895859,"0"
1960254,"0"
25194282,"0"
19726196,"0"
29064104,"0"
25584663,"0"
18050889,"0"
27417541,"0"
20572885,"0"
12607157,"0"
15305172,"0"
15135541,"0"
24779584,"0"
17312126,"0"
18675689,"0"
1471971,"0"
10565540,"0"
15228550,"0"
12704118,"0"
12067632,"0"
29753735,"0"
24566258,"0"
10876091,"0"
26951819,"0"
30863202,"0"
27272046,"0"
26970695,"0"
30109493,"0"
11955780,"0"
2031409,"0"
32517178,"0"
32940247,"0"
19675673,"0"
30958215,"0"
32103006,"0"
8260514,"0"
22913939,"0"
17307862,"0"
28468915,"0"
21398691,"0"
26943578,"0"
24882008,"0"
6466838,"0"
28766990,"0"
28392462,"0"
16034754,"0"
3712646,"0"
30693476,"0"
19712305,"0"
2270688,"0"
24689690,"0"
31462100,"0"
21949727,"0"
17644634,"0"
30183905,"0"
16889626,"0"
15901741,"0"
22059396,"0"
18053292,"0"
20448470,"0"
30294785,"0"
16513745,"0"
30962426,"0"
26378579,"0"
27195791,"0"
28422750,"0"
9858509,"0"
24996057,"0"
21821769,"0"
11536596,"0"
15979569,"0"
2429433,"0"
26832821,"0"
23792354,"0"
10615813,"0"
15915536,"0"
4900959,"0"
24845518,"0"
33048592,"0"
12479542,"0"
32213316,"0"
25749362,"0"
15778340,"0"
24168088,"0"
28812106,"0"
20395091,"0"
9569688,"0"
2680545,"0"
1915659,"0"
27940552,"0"
10827518,"0"
32557834,"0"
27219121,"0"
9914332,"0"
16445752,"0"
30552353,"0"
2565291,"0"
10463181,"0"
2064528,"0"
24592259,"0"
21216906,"0"
32074671,"0"
30681115,"0"
20607546,"0"
25841205,"0"
6130696,"0"
11012771,"0"
21963114,"0"
19626547,"0"
21050670,"0"
22522092,"0"
31489638,"0"
32701055,"0"
10684604,"0"
22532945,"0"
9371457,"0"
12911056,"0"
14722359,"0"
14692207,"0"
11561961,"0"
11679756,"0"
22720104,"0"
24736612,"0"
24616885,"0"
16199569,"0"
29382080,"0"
24179706,"0"
18379273,"0"
17164674,"0"
31011879,"0"
14655013,"0"
17172524,"0"
28574651,"0"
16997155,"0"
30665743,"0"
22361174,"0"
17869216,"0"
14580768,"0"
18752622,"0"
31367864,"0"
30524735,"0"
21576961,"0"
26895844,"0"
23348945,"0"
21917130,"0"
15976193,"0"
22996220,"0"
28275576,"0"
15962124,"0"
11330723,"0"
29632075,"0"
17934076,"0"
8939754,"0"
5339541,"0"
26691231,"0"
29059433,"0"
23305368,"0"
25766003,"0"
19627191,"0"
23768487,"0"
31872748,"0"
24206062,"0"
32988545,"0"
18705878,"0"
17346177,"0"
27359366,"0"
14698218,"0"
7038296,"0"
2604401,"0"
32339868,"0"
15483184,"0"
9250775,"0"
27562852,"0"
28494842,"0"
6417095,"0"
26582010,"0"
18847278,"0"
29362226,"0"
31726527,"0"
21934705,"0"
28610977,"0"
20501448,"0"
23586055,"0"
29671840,"0"
18524934,"0"
30306427,"0"
11487501,"0"
11441064,"0"
32737144,"0"
28411089,"0"
29398651,"0"
17913002,"0"
30117447,"0"
16177106,"0"
1808855,"0"
15857794,"0"
22100160,"0"
32090858,"0"
11980961,"0"
9142438,"0"
14973035,"0"
11507918,"0"
23892470,"0"
6390177,"0"
16854068,"0"
17334894,"0"
12949413,"0"
3729160,"0"
11159979,"0"
28528816,"0"
18779390,"0"
31799324,"0"
22253834,"0"
21862594,"0"
1338941,"0"
17041044,"0"
18031696,"0"
28869519,"0"
9886429,"0"
25299175,"0"
2537867,"0"
32448141,"0"
10918981,"0"
12949088,"0"
28321852,"0"
32919122,"0"
18681900,"0"
11538336,"0"
23348516,"0"
23799955,"0"
12586867,"0"
9115908,"0"
2792852,"0"
21750501,"0"
16402191,"0"
11977596,"0"
31678868,"0"
11165389,"0"
26945964,"0"
15060729,"0"
8741712,"0"
20809492,"0"
31708879,"0"
11755986,"0"
20508216,"0"
26151160,"0"
"PubmedID","0"
1409657,"0"
30197150,"0"
11885363,"0"
30308157,"0"
27655713,"0"
18375806,"0"
27451139,"0"
19538263,"0"
17425262,"0"
18949312,"0"
9973569,"0"
25817040,"0"
12151239,"0"
10417177,"0"
27407512,"0"
12715913,"0"
28697651,"0"
31989168,"0"
26771140,"0"
9144496,"0"
31664482,"0"
20175879,"0"
31324383,"0"
23737434,"0"
3298245,"0"
19156453,"0"
27983721,"0"
30440100,"0"
28165478,"0"
32727926,"0"
18509771,"0"
11231141,"0"
15279145,"0"
22798677,"0"
9305945,"0"
10450506,"0"
10091329,"0"
23967122,"0"
22068704,"0"
30256431,"0"
2515247,"0"
19401689,"0"
26150063,"0"
30510071,"0"
31747871,"0"
29566418,"0"
22850671,"0"
8702292,"0"
3037488,"0"
30327844,"0"
30016235,"0"
18441108,"0"
19828742,"0"
24954476,"0"
31758195,"0"
29178652,"0"
31809795,"0"
1534328,"0"
19945889,"0"
20086087,"0"
25486109,"0"
7613738,"0"
7845291,"0"
28459818,"0"
16153173,"0"
29265378,"0"
32725318,"0"
28349910,"0"
26472353,"0"
30721460,"0"
25860944,"0"
10327564,"0"
29080535,"0"
22406152,"0"
22999844,"0"
26537814,"0"
22723962,"0"
16318654,"0"
26429936,"0"
29370270,"0"
18316019,"0"
1463527,"0"
10090924,"0"
31345023,"0"
11407666,"0"
23198974,"0"
18248626,"0"
24686252,"0"
18315498,"0"
21168182,"0"
7705034,"0"
30201777,"0"
26298591,"0"
19699936,"0"
12843023,"0"
14363213,"0"
17608695,"0"
31522447,"0"
8946702,"0"
31176019,"0"
24452689,"0"
15578853,"0"
18084043,"0"
22272249,"0"
2456573,"0"
11238623,"0"
26865328,"0"
10960090,"0"
9464374,"0"
31482589,"0"
24124444,"0"
32453676,"0"
31264408,"0"
23892028,"0"
26627650,"0"
19450638,"0"
32284107,"0"
9523453,"0"
28928749,"0"
17472390,"0"
7735722,"0"
4203489,"0"
20802035,"0"
23466444,"0"
22616867,"0"
8368600,"0"
31917830,"0"
6998962,"0"
19966473,"0"
7749633,"0"
21824414,"0"
32093084,"0"
17404319,"0"
11167573,"0"
32215025,"0"
24105386,"0"
17312112,"0"
29623998,"0"
22565802,"0"
27538256,"0"
31694555,"0"
31455633,"0"
12897252,"0"
25815347,"0"
21720130,"0"
15002221,"0"
17623694,"0"
18004573,"0"
28302172,"0"
21896012,"0"
17577067,"0"
18364005,"0"
24671091,"0"
21224389,"0"
26030730,"0"
16229783,"0"
30015813,"0"
10861072,"0"
27754869,"0"
9268677,"0"
16332745,"0"
20580690,"0"
20337706,"0"
12757612,"0"
11483855,"0"
24357647,"0"
27916840,"0"
25830180,"0"
24100572,"0"
29799280,"0"
27026501,"0"
21860021,"0"
28493185,"0"
26522113,"0"
3601955,"0"
8585320,"0"
31036602,"0"
27280420,"0"
17699646,"0"
21353746,"0"
8766856,"0"
23559288,"0"
25504914,"0"
31014017,"0"
25888944,"0"
17474518,"0"
27755466,"0"
25384914,"0"
166961,"0"
30552512,"0"
32974510,"0"
19121182,"0"
16804184,"0"
15760769,"0"
19451399,"0"
14562113,"0"
27531193,"0"
25887577,"0"
28470758,"0"
15280388,"0"
2718546,"0"
18455348,"0"
1463436,"0"
16142101,"0"
7593222,"0"
22639643,"0"
12835912,"0"
12396929,"0"
1927151,"0"
20375616,"0"
30121929,"0"
30029328,"0"
24248359,"0"
8973200,"0"
8504038,"0"
15752092,"0"
8559039,"0"
24562474,"0"
19199937,"0"
9310838,"0"
30659170,"0"
32961233,"0"
4214535,"0"
28013312,"0"
25456160,"0"
8801720,"0"
30097884,"0"
9548486,"0"
15638157,"0"
22556319,"0"
16790766,"0"
24788382,"0"
19528165,"0"
20230195,"0"
12028561,"0"
30218779,"0"
25160796,"0"
12950680,"0"
28416709,"0"
14766922,"0"
28145491,"0"
10427690,"0"
15722411,"0"
7927547,"0"
103886,"0"
9261699,"0"
21174558,"0"
27390759,"0"
21430250,"0"
23480711,"0"
15665086,"0"
19259343,"0"
8983527,"0"
25635238,"0"
22522689,"0"
11261995,"0"
30203106,"0"
7601127,"0"
20118380,"0"
8347926,"0"
2629929,"0"
17693713,"0"
19392980,"0"
24253427,"0"
21995702,"0"
27795222,"0"
28743086,"0"
33168100,"0"
14692205,"0"
15364949,"0"
6151764,"0"
31553931,"0"
21858226,"0"
15545985,"0"
29449600,"0"
17159227,"0"
30007049,"0"
18457892,"0"
16581155,"0"
28001191,"0"
9244481,"0"
21235624,"0"
25857934,"0"
22167038,"0"
18401338,"0"
18077196,"0"
29582201,"0"
10387049,"0"
23885215,"0"
24402311,"0"
30687304,"0"
29599373,"0"
21069406,"0"
15629648,"0"
18581003,"0"
24904540,"0"
29615254,"0"
10483725,"0"
24462440,"0"
25484098,"0"
31492743,"0"
22677480,"0"
10520745,"0"
22534073,"0"
11378375,"0"
19055438,"0"
30929217,"0"
27270389,"0"
24155895,"0"
1729177,"0"
1625582,"0"
32706947,"0"
11571196,"0"
29078765,"0"
11060093,"0"
29017943,"0"
17764859,"0"
27833611,"0"
14573651,"0"
25721523,"0"
22457623,"0"
30370939,"0"
15212296,"0"
31004701,"0"
31857956,"0"
21245909,"0"
29163529,"0"
24920077,"0"
16961575,"0"
10858337,"0"
8061590,"0"
29190700,"0"
32402932,"0"
22386741,"0"
24364868,"0"
30834570,"0"
3620446,"0"
29450406,"0"
18648827,"0"
25720598,"0"
15898930,"0"
9086681,"0"
33024308,"0"
28339650,"0"
30012864,"0"
28201974,"0"
10954736,"0"
24127555,"0"
16324858,"0"
9341908,"0"
25533185,"0"
8899706,"0"
1314898,"0"
31130962,"0"
1534327,"0"
19816402,"0"
23269652,"0"
12910461,"0"
28427732,"0"
22871298,"0"
2796997,"0"
8621420,"0"
20045529,"0"
19028851,"0"
30822543,"0"
30718738,"0"
32021172,"0"
25681176,"0"
14609091,"0"
11046052,"0"
24841284,"0"
27812174,"0"
27886237,"0"
23979760,"0"
22278293,"0"
22368515,"0"
27009076,"0"
29316613,"0"
16506550,"0"
18833037,"0"
33188216,"0"
15579018,"0"
28488047,"0"
3141392,"0"
18657609,"0"
12575748,"0"
26284355,"0"
16393674,"0"
24189653,"0"
11493349,"0"
18367116,"0"
19139228,"0"
24203440,"0"
15817483,"0"
17044815,"0"
14500678,"0"
20123991,"0"
17127199,"0"
11374672,"0"
19090226,"0"
19300508,"0"
32033533,"0"
15513394,"0"
20440266,"0"
27226569,"0"
10383138,"0"
20670172,"0"
27866227,"0"
25348334,"0"
17705133,"0"
30307058,"0"
26103974,"0"
24566282,"0"
9387226,"0"
2201947,"0"
1953104,"0"
28638068,"0"
11444877,"0"
30874582,"0"
1978223,"0"
15629537,"0"
31143358,"0"
28348208,"0"
18497563,"0"
21139064,"0"
21548877,"0"
29545657,"0"
33118312,"0"
28376440,"0"
16369779,"0"
2161682,"0"
20584631,"0"
21048404,"0"
19839858,"0"
19821902,"0"
1969452,"0"
9863213,"0"
31801883,"0"
25576609,"0"
30565710,"0"
17760726,"0"
30036391,"0"
21209283,"0"
30546960,"0"
32755523,"0"
25169637,"0"
12135599,"0"
25764161,"0"
17936683,"0"
32762399,"0"
29294162,"0"
8991852,"0"
12876369,"0"
17642746,"0"
11027414,"0"
2693464,"0"
17635609,"0"
16366060,"0"
30349936,"0"
28919790,"0"
2558044,"0"
14672050,"0"
32108318,"0"
8825595,"0"
22101821,"0"
18723663,"0"
23046656,"0"
19474486,"0"
19565698,"0"
23447362,"0"
23757898,"0"
14363150,"0"
16546999,"0"
16524545,"0"
28314957,"0"
17135526,"0"
19423470,"0"
9744768,"0"
23965921,"0"
17140750,"0"
2117775,"0"
7938434,"0"
30272335,"0"
30068281,"0"
1995723,"0"
14767427,"0"
8905078,"0"
31128807,"0"
8808921,"0"
22241982,"0"
2444334,"0"
1713950,"0"
20702673,"0"
29417271,"0"
8858873,"0"
12298265,"0"
15539739,"0"
143908,"0"
11580851,"0"
8055968,"0"
12465247,"0"
11120644,"0"
18156318,"0"
8113167,"0"
12146174,"0"
8031479,"0"
31110506,"0"
29507247,"0"
1587862,"0"
18385440,"0"
31548887,"0"
11984937,"0"
18390428,"0"
15133160,"0"
30676840,"0"
25342913,"0"
1957878,"0"
31818961,"0"
27570795,"0"
17258457,"0"
9270839,"0"
27398638,"0"
9534442,"0"
15504133,"0"
2998281,"0"
7668016,"0"
19779559,"0"
21143715,"0"
8501052,"0"
23239102,"0"
14653314,"0"
19202875,"0"
20067391,"0"
6998389,"0"
22692961,"0"
24139401,"0"
8319893,"0"
2484120,"0"
28672015,"0"
17879010,"0"
16757615,"0"
2653829,"0"
16958909,"0"
21904597,"0"
21035946,"0"
26897309,"0"
19808251,"0"
10771933,"0"
8251347,"0"
1092546,"0"
7657630,"0"
28442374,"0"
19253528,"0"
15808315,"0"
9670958,"0"
2641198,"0"
24274221,"0"
22918864,"0"
25253123,"0"
14500007,"0"
28802758,"0"
8457526,"0"
28701764,"0"
11310835,"0"
23967669,"0"
29426021,"0"
27600402,"0"
923022,"0"
29609564,"0"
23512590,"0"
32857324,"0"
24412617,"0"
16516978,"0"
16251366,"0"
33069716,"0"
28715412,"0"
30059729,"0"
22548608,"0"
29890197,"0"
30849500,"0"
29256349,"0"
31500179,"0"
31614841,"0"
17354405,"0"
17177972,"0"
26155936,"0"
8606057,"0"
27181246,"0"
9007596,"0"
7683666,"0"
25636189,"0"
22371394,"0"
28915805,"0"
12833222,"0"
6206664,"0"
10735999,"0"
15345467,"0"
29809146,"0"
24330586,"0"
30619184,"0"
485152,"0"
28082056,"0"
24176308,"0"
25087347,"0"
30287822,"0"
17266705,"0"
10384150,"0"
9772034,"0"
29111400,"0"
27350045,"0"
28181963,"0"
15518334,"0"
17615561,"0"
17597075,"0"
19477915,"0"
19587641,"0"
22041925,"0"
30982401,"0"
21106786,"0"
25189590,"0"
27363503,"0"
21314918,"0"
20379761,"0"
7894725,"0"
17084472,"0"
12690042,"0"
18849445,"0"
17258434,"0"
18199837,"0"
10989309,"0"
26794413,"0"
24378293,"0"
12143181,"0"
1535622,"0"
18063719,"0"
12608444,"0"
8173849,"0"
19797073,"0"
24119232,"0"
10614008,"0"
9522617,"0"
12406656,"0"
28361040,"0"
27076300,"0"
18451055,"0"
24595128,"0"
24965492,"0"
18981251,"0"
28433527,"0"
27820602,"0"
16354781,"0"
10219589,"0"
23481491,"0"
27865260,"0"
16431041,"0"
12480902,"0"
30266763,"0"
25372289,"0"
10883301,"0"
3223936,"0"
31430526,"0"
31246144,"0"
3066071,"0"
7490347,"0"
21315175,"0"
19709218,"0"
25229484,"0"
21908606,"0"
25496470,"0"
23190888,"0"
15950405,"0"
12051749,"0"
3004347,"0"
28934294,"0"
28815408,"0"
29039715,"0"
23228398,"0"
9821974,"0"
23455676,"0"
11474584,"0"
25799109,"0"
31100109,"0"
12918822,"0"
29973156,"0"
29118271,"0"
24312811,"0"
21945730,"0"
3326368,"0"
22326959,"0"
12237969,"0"
15485926,"0"
2698954,"0"
11238979,"0"
11483365,"0"
32430015,"0"
7832592,"0"
1655528,"0"
7032603,"0"
18394752,"0"
1504203,"0"
21875957,"0"
17497607,"0"
1771932,"0"
10805975,"0"
30577318,"0"
16110808,"0"
21081150,"0"
23521130,"0"
23999704,"0"
9230992,"0"
18171244,"0"
22855157,"0"
31766714,"0"
27037698,"0"
12628682,"0"
17913155,"0"
33184397,"0"
25658600,"0"
27279703,"0"
23382238,"0"
16309671,"0"
18772281,"0"
2185215,"0"
25972729,"0"
18300351,"0"
30643171,"0"
15150332,"0"
14630121,"0"
27316681,"0"
19029903,"0"
9157091,"0"
16428774,"0"
31478620,"0"
25110340,"0"
32432347,"0"
33109284,"0"
30753545,"0"
18250461,"0"
30022091,"0"
32045977,"0"
20048124,"0"
31076322,"0"
19124750,"0"
12132786,"0"
32899171,"0"
28240906,"0"
16483735,"0"
19266487,"0"
25527446,"0"
23856783,"0"
20638936,"0"
29594624,"0"
23305731,"0"
21772035,"0"
18285497,"0"
30477901,"0"
15009251,"0"
15857831,"0"
23952479,"0"
17393790,"0"
25092891,"0"
3145711,"0"
9686447,"0"
21336274,"0"
19018774,"0"
20421446,"0"
31488033,"0"
21179412,"0"
20303688,"0"
33063190,"0"
31765020,"0"
18445577,"0"
11772637,"0"
21261930,"0"
25286935,"0"
19433855,"0"
1360613,"0"
22719937,"0"
23371001,"0"
18832474,"0"
16436710,"0"
22685153,"0"
21956982,"0"
26549417,"0"
8621967,"0"
29295496,"0"
26185887,"0"
26694038,"0"
11445447,"0"
18975411,"0"
28605414,"0"
25439068,"0"
20236987,"0"
21879358,"0"
29898584,"0"
12438361,"0"
24331724,"0"
7733157,"0"
12042809,"0"
9841121,"0"
23124231,"0"
16385811,"0"
11157240,"0"
12135853,"0"
13302685,"0"
28477945,"0"
30049142,"0"
1806284,"0"
25978355,"0"
9239909,"0"
31636068,"0"
20207251,"0"
31320432,"0"
10774747,"0"
18000399,"0"
29734724,"0"
23865430,"0"
28134437,"0"
24618033,"0"
27038798,"0"
32051823,"0"
27793510,"0"
24244014,"0"
30045624,"0"
32326126,"0"
9501300,"0"
1402388,"0"
30446388,"0"
16148122,"0"
11755183,"0"
12786832,"0"
32411122,"0"
16963678,"0"
16889665,"0"
15631210,"0"
25211077,"0"
12660949,"0"
10614001,"0"
16288024,"0"
32887354,"0"
24870230,"0"
30460763,"0"
29902692,"0"
17085711,"0"
25028460,"0"
28760898,"0"
24940325,"0"
23603682,"0"
17521656,"0"
28011698,"0"
12579299,"0"
22301545,"0"
30806486,"0"
12959401,"0"
32076794,"0"
15466452,"0"
26261078,"0"
24613292,"0"
15328574,"0"
12757691,"0"
19451641,"0"
22518873,"0"
17593666,"0"
23006559,"0"
11046002,"0"
25130693,"0"
23701329,"0"
21445265,"0"
15067039,"0"
25476546,"0"
3128637,"0"
28364105,"0"
31576879,"0"
26662852,"0"
24887230,"0"
9817517,"0"
24667392,"0"
18298602,"0"
1399036,"0"
28177795,"0"
7718088,"0"
1741458,"0"
29103702,"0"
23127489,"0"
17586953,"0"
10623839,"0"
27722914,"0"
30439501,"0"
26706476,"0"
18259126,"0"
30540910,"0"
28214142,"0"
11322892,"0"
32570030,"0"
31521852,"0"
12730371,"0"
10708766,"0"
8976565,"0"
18333520,"0"
22313889,"0"
31007925,"0"
11180061,"0"
15914908,"0"
32712355,"0"
28426756,"0"
19007905,"0"
28161296,"0"
21387995,"0"
32690197,"0"
2014987,"0"
30464967,"0"
27386562,"0"
2080967,"0"
19804894,"0"
2523997,"0"
31280403,"0"
2174116,"0"
11714818,"0"
27721403,"0"
22287475,"0"
20833813,"0"
1905320,"0"
25179369,"0"
6038187,"0"
23991415,"0"
25166348,"0"
19958803,"0"
18470394,"0"
15571070,"0"
9766873,"0"
20230270,"0"
26559818,"0"
18926769,"0"
22178733,"0"
24980125,"0"
32974571,"0"
7112195,"0"
25850012,"0"
11053875,"0"
21738769,"0"
28337021,"0"
30871004,"0"
11219917,"0"
19846871,"0"
28905983,"0"
29341791,"0"
31921045,"0"
25547008,"0"
25444549,"0"
2121733,"0"
19882182,"0"
9490717,"0"
27580126,"0"
17623030,"0"
21789528,"0"
29446810,"0"
14594827,"0"
23720738,"0"
15634947,"0"
20083656,"0"
30856813,"0"
24089657,"0"
25907927,"0"
16253456,"0"
1703641,"0"
22057113,"0"
28633889,"0"
22327321,"0"
25498432,"0"
28226242,"0"
15814694,"0"
17702649,"0"
22392469,"0"
2772735,"0"
11761364,"0"
16881550,"0"
3053220,"0"
28281299,"0"
23973919,"0"
18619852,"0"
24582747,"0"
23748217,"0"
2469930,"0"
31250189,"0"
27086822,"0"
16866929,"0"
25939063,"0"
20659527,"0"
29627456,"0"
21044294,"0"
30026314,"0"
31851535,"0"
18704017,"0"
25661913,"0"
2112562,"0"
27429642,"0"
11281713,"0"
12405641,"0"
29905509,"0"
10233618,"0"
22320833,"0"
17699606,"0"
26593246,"0"
19691980,"0"
26253677,"0"
24717928,"0"
12449484,"0"
25005087,"0"
21558692,"0"
12654812,"0"
12594860,"0"
29164566,"0"
30071628,"0"
18789360,"0"
22796060,"0"
8406035,"0"
12738651,"0"
27764137,"0"
29404886,"0"
13208585,"0"
20557916,"0"
9755831,"0"
30874560,"0"
18829805,"0"
19103774,"0"
33098821,"0"
16177083,"0"
24534844,"0"
30419318,"0"
20447993,"0"
25454803,"0"
12512074,"0"
21844346,"0"
3279936,"0"
8388538,"0"
17971929,"0"
8240966,"0"
15843569,"0"
22378276,"0"
12788719,"0"
22989515,"0"
1609555,"0"
11551321,"0"
32408918,"0"
24163408,"0"
28848008,"0"
23529753,"0"
26436423,"0"
23393000,"0"
30144559,"0"
4865902,"0"
21668345,"0"
22294112,"0"
14568927,"0"
12753833,"0"
29064113,"0"
16831548,"0"
30729671,"0"
23372642,"0"
7500024,"0"
18043644,"0"
31072165,"0"
29889811,"0"
25719382,"0"
26712700,"0"
22970268,"0"
25826286,"0"
30066040,"0"
32428012,"0"
25843683,"0"
31547144,"0"
21814172,"0"
20163614,"0"
32698413,"0"
29691090,"0"
1599248,"0"
16945694,"0"
27277520,"0"
25035921,"0"
15791258,"0"
10820258,"0"
20500693,"0"
29644421,"0"
15589360,"0"
29236005,"0"
15922714,"0"
6206499,"0"
30888318,"0"
8139542,"0"
25352055,"0"
9231999,"0"
12354853,"0"
23312955,"0"
26528864,"0"
27858103,"0"
21330348,"0"
11436474,"0"
16039807,"0"
26703454,"0"
16289400,"0"
26086549,"0"
9813065,"0"
22981928,"0"
8160904,"0"
31418673,"0"
15243159,"0"
16988250,"0"
25833742,"0"
15684665,"0"
16988270,"0"
18208824,"0"
1518392,"0"
21680584,"0"
23805543,"0"
15687032,"0"
11348675,"0"
17545316,"0"
1778136,"0"
16989375,"0"
12065502,"0"
21364539,"0"
14732820,"0"
24856627,"0"
17139082,"0"
27659739,"0"
20477630,"0"
11777966,"0"
30906626,"0"
11311395,"0"
1778431,"0"
25108218,"0"
24961836,"0"
25760519,"0"
27293842,"0"
28209550,"0"
18550214,"0"
12750707,"0"
9338632,"0"
11254722,"0"
10635282,"0"
23466466,"0"
27264239,"0"
25808779,"0"
33011889,"0"
19813285,"0"
22493234,"0"
31107242,"0"
20102408,"0"
22065152,"0"
26915975,"0"
21812657,"0"
24592631,"0"
25113970,"0"
27267408,"0"
24319171,"0"
21437250,"0"
27902313,"0"
8879233,"0"
23518808,"0"
2873149,"0"
9812474,"0"
7547290,"0"
9126616,"0"
24563210,"0"
28960362,"0"
9197030,"0"
21521703,"0"
21944755,"0"
10477552,"0"
15840907,"0"
10377120,"0"
26724544,"0"
18208706,"0"
33095759,"0"
11315191,"0"
15072476,"0"
12514191,"0"
21189143,"0"
15212710,"0"
9892567,"0"
1729208,"0"
24440968,"0"
31424015,"0"
23676922,"0"
23700548,"0"
30115642,"0"
9216030,"0"
33200432,"0"
27892611,"0"
14641618,"0"
10936621,"0"
32144534,"0"
20876594,"0"
15053360,"0"
32610494,"0"
17335103,"0"
17237389,"0"
17961480,"0"
18051304,"0"
28356067,"0"
1825784,"0"
17160678,"0"
27287778,"0"
27166694,"0"
12632655,"0"
22954709,"0"
23870163,"0"
23152887,"0"
28974303,"0"
1842227,"0"
18077040,"0"
19353874,"0"
28283323,"0"
19019289,"0"
17334892,"0"
24950208,"0"
33054141,"0"
12592074,"0"
3941049,"0"
19252544,"0"
17823754,"0"
16003073,"0"
24140681,"0"
18458073,"0"
17475845,"0"
23257355,"0"
25448814,"0"
29282737,"0"
16166730,"0"
17641048,"0"
21169541,"0"
19582739,"0"
24168516,"0"
20331797,"0"
20721471,"0"
28905981,"0"
25963134,"0"
1820282,"0"
29362510,"0"
12397630,"0"
28579455,"0"
23805866,"0"
28710611,"0"
32339839,"0"
20691549,"0"
9600257,"0"
21741091,"0"
21896770,"0"
21749879,"0"
9196995,"0"
11782521,"0"
2339880,"0"
23211183,"0"
25849657,"0"
9881507,"0"
30599112,"0"
8753752,"0"
11185502,"0"
18680595,"0"
6088472,"0"
26583099,"0"
18981395,"0"
23542644,"0"
23064364,"0"
31921129,"0"
31783060,"0"
403010,"0"
24025426,"0"
12789335,"0"
26437710,"0"
16032557,"0"
31720875,"0"
16363802,"0"
18034499,"0"
887081,"0"
26476644,"0"
10688899,"0"
15946291,"0"
28686395,"0"
8964597,"0"
18617697,"0"
30477244,"0"
2992778,"0"
10605143,"0"
2684204,"0"
1704144,"0"
25576601,"0"
8691146,"0"
30554147,"0"
29318903,"0"
22306866,"0"
11577950,"0"
26507230,"0"
26634969,"0"
25388142,"0"
22207213,"0"
29792338,"0"
11098631,"0"
29103678,"0"
26654232,"0"
28884590,"0"
7606781,"0"
21387009,"0"
26751936,"0"
1282488,"0"
26848941,"0"
25302801,"0"
11944026,"0"
25753667,"0"
20930343,"0"
1882234,"0"
24953950,"0"
27072820,"0"
10540746,"0"
29177731,"0"
17323431,"0"
30703983,"0"
32295767,"0"
24703702,"0"
25984582,"0"
30291971,"0"
25831014,"0"
29769499,"0"
18536502,"0"
27693506,"0"
27543854,"0"
26924705,"0"
26829987,"0"
1766637,"0"
9281425,"0"
23435660,"0"
11595728,"0"
10887134,"0"
18024119,"0"
2517872,"0"
17045843,"0"
17397008,"0"
24726646,"0"
30018975,"0"
9028038,"0"
17241403,"0"
15380639,"0"
29309553,"0"
20947511,"0"
24009709,"0"
32296722,"0"
23647853,"0"
25948880,"0"
12648225,"0"
11444386,"0"
18354037,"0"
29872295,"0"
25091235,"0"
24547972,"0"
29038446,"0"
29163477,"0"
25807314,"0"
2823880,"0"
30226597,"0"
15773777,"0"
27875551,"0"
26895666,"0"
28769044,"0"
33044461,"0"
10477369,"0"
11271603,"0"
27349739,"0"
11453697,"0"
30929218,"0"
7044321,"0"
22229794,"0"
28437197,"0"
19182335,"0"
16434984,"0"
22759864,"0"
22777932,"0"
28675878,"0"
31694412,"0"
20494603,"0"
10401582,"0"
24612812,"0"
28237625,"0"
30941647,"0"
30528276,"0"
32405958,"0"
8502930,"0"
15186263,"0"
21261879,"0"
26567540,"0"
19147552,"0"
28205505,"0"
29167801,"0"
26370577,"0"
16347617,"0"
26290650,"0"
19741609,"0"
23468530,"0"
25684199,"0"
31624322,"0"
12814828,"0"
11927587,"0"
6257296,"0"
19965768,"0"
1639779,"0"
25008904,"0"
19053208,"0"
25822422,"0"
11741948,"0"
15761849,"0"
12667678,"0"
1999481,"0"
30782668,"0"
29893005,"0"
30655561,"0"
11907104,"0"
15033794,"0"
19770659,"0"
17974151,"0"
23475575,"0"
31548889,"0"
11287608,"0"
23562614,"0"
21565221,"0"
29324224,"0"
2155144,"0"
19356706,"0"
18683734,"0"
32858341,"0"
11901320,"0"
18304639,"0"
9023178,"0"
2689869,"0"
10377193,"0"
28492177,"0"
31359510,"0"
31678817,"0"
22194782,"0"
30938663,"0"
12699234,"0"
11380148,"0"
21633326,"0"
7541561,"0"
22531932,"0"
23781640,"0"
23945037,"0"
30179307,"0"
16210858,"0"
23210693,"0"
11989885,"0"
23800654,"0"
32273024,"0"
23019013,"0"
19821985,"0"
15352522,"0"
12553397,"0"
31330263,"0"
20233306,"0"
17992453,"0"
12848603,"0"
11353993,"0"
32935984,"0"
31453472,"0"
30852025,"0"
30964646,"0"
23307467,"0"
12381006,"0"
32964256,"0"
32881070,"0"
31772017,"0"
31312785,"0"
11360993,"0"
30854666,"0"
29542826,"0"
18809658,"0"
3021763,"0"
12594909,"0"
17601143,"0"
15962336,"0"
21825114,"0"
22465591,"0"
19221394,"0"
25759396,"0"
31222337,"0"
1479687,"0"
10071162,"0"
29941017,"0"
18752545,"0"
24633409,"0"
28910966,"0"
1905521,"0"
15967785,"0"
9721276,"0"
24290141,"0"
20386499,"0"
10889916,"0"
24909179,"0"
3970669,"0"
8449587,"0"
22566165,"0"
8117682,"0"
10022073,"0"
23999314,"0"
33160818,"0"
10631954,"0"
16792697,"0"
28931602,"0"
22151946,"0"
15122754,"0"
20823213,"0"
26754943,"0"
11581468,"0"
28607439,"0"
9027626,"0"
20521155,"0"
24395919,"0"
27919893,"0"
21073605,"0"
25114109,"0"
32466337,"0"
31118495,"0"
11086039,"0"
28700833,"0"
27384057,"0"
18506881,"0"
2387953,"0"
15207808,"0"
27312712,"0"
31207257,"0"
26396244,"0"
25477879,"0"
32235448,"0"
31122258,"0"
9115996,"0"
9073479,"0"
19128515,"0"
28718462,"0"
23100771,"0"
26314667,"0"
23817059,"0"
29769837,"0"
27402162,"0"
31732577,"0"
27492257,"0"
2216714,"0"
32675845,"0"
11511101,"0"
29739310,"0"
20875286,"0"
23011973,"0"
28251890,"0"
32866776,"0"
29605450,"0"
17061211,"0"
17620717,"0"
8884272,"0"
26601717,"0"
6091649,"0"
29922598,"0"
17716294,"0"
31072330,"0"
27902437,"0"
18204748,"0"
17321475,"0"
15728251,"0"
24729610,"0"
18837421,"0"
19293256,"0"
19234219,"0"
31516527,"0"
19564575,"0"
8655868,"0"
28637702,"0"
21040981,"0"
32209165,"0"
32529267,"0"
20074148,"0"
26184810,"0"
19265141,"0"
23418075,"0"
23817413,"0"
30858872,"0"
17572262,"0"
25575343,"0"
31191472,"0"
25178392,"0"
28279600,"0"
9973577,"0"
30726742,"0"
25302415,"0"
12180916,"0"
30337232,"0"
25462454,"0"
14677251,"0"
23593253,"0"
16978419,"0"
27879050,"0"
18927210,"0"
7814328,"0"
14632287,"0"
32453916,"0"
22137250,"0"
15639649,"0"
21560446,"0"
26557813,"0"
31682999,"0"
17210665,"0"
22492284,"0"
24509076,"0"
17454263,"0"
28904414,"0"
7510694,"0"
6086650,"0"
12852973,"0"
30238995,"0"
30604094,"0"
11739756,"0"
19789867,"0"
22661085,"0"
25489002,"0"
12834615,"0"
10727888,"0"
25889453,"0"
16355766,"0"
16521453,"0"
14636689,"0"
9729040,"0"
2406564,"0"
2144188,"0"
26414766,"0"
28084320,"0"
33023159,"0"
7901197,"0"
9262885,"0"
16951337,"0"
12672074,"0"
26568581,"0"
19205518,"0"
16239118,"0"
30894840,"0"
31428591,"0"
28860501,"0"
24598403,"0"
23231916,"0"
26672896,"0"
31938959,"0"
14605879,"0"
23540083,"0"
12492849,"0"
15836790,"0"
12937946,"0"
6308651,"0"
25597169,"0"
2212944,"0"
12801031,"0"
15240271,"0"
26927089,"0"
15387974,"0"
32951746,"0"
22241048,"0"
27544389,"0"
9708304,"0"
31134053,"0"
30359623,"0"
31092062,"0"
25450642,"0"
24384536,"0"
28106142,"0"
16957188,"0"
11772628,"0"
19943886,"0"
9841938,"0"
19968878,"0"
25296683,"0"
9376053,"0"
20218497,"0"
11853629,"0"
12954615,"0"
22464442,"0"
29649729,"0"
31825092,"0"
15196206,"0"
27071075,"0"
28787240,"0"
3742333,"0"
19079582,"0"
32316316,"0"
5428692,"0"
1940223,"0"
16824094,"0"
27421795,"0"
16009719,"0"
3013249,"0"
28284134,"0"
26497818,"0"
16034117,"0"
27047475,"0"
12735346,"0"
26164783,"0"
27398386,"0"
26784149,"0"
19402226,"0"
17455762,"0"
9720026,"0"
10562064,"0"
30151056,"0"
22062731,"0"
11090078,"0"
31243942,"0"
12190945,"0"
17028201,"0"
14578883,"0"
9712063,"0"
14607413,"0"
8135318,"0"
23068274,"0"
10543999,"0"
2205596,"0"
33156297,"0"
22117166,"0"
27280122,"0"
10454630,"0"
18815415,"0"
11500425,"0"
18239978,"0"
12415471,"0"
26527065,"0"
8155764,"0"
21686811,"0"
21477007,"0"
3501396,"0"
30742638,"0"
20148414,"0"
12826846,"0"
22102165,"0"
1888840,"0"
14695602,"0"
10089335,"0"
11497462,"0"
25452698,"0"
7539837,"0"
16465630,"0"
15864705,"0"
17587064,"0"
10606970,"0"
9218774,"0"
29615632,"0"
24061949,"0"
28442745,"0"
7550414,"0"
24949634,"0"
24391492,"0"
19038054,"0"
20233397,"0"
32621607,"0"
11953358,"0"
29075867,"0"
21154004,"0"
8049406,"0"
23758061,"0"
30019483,"0"
30682029,"0"
17875202,"0"
30513869,"0"
12239185,"0"
30253445,"0"
3921765,"0"
21317286,"0"
30953729,"0"
30996332,"0"
8905098,"0"
776254,"0"
15626895,"0"
17334893,"0"
14727687,"0"
26763567,"0"
19945296,"0"
29467746,"0"
17501739,"0"
31167928,"0"
464815,"0"
8909139,"0"
18382642,"0"
16813257,"0"
17110475,"0"
29464089,"0"
21569377,"0"
30364284,"0"
25077071,"0"
28302170,"0"
17662044,"0"
33067911,"0"
2545245,"0"
12847259,"0"
30628191,"0"
27785334,"0"
19730911,"0"
31619535,"0"
16423056,"0"
8764681,"0"
29038657,"0"
22444628,"0"
21313837,"0"
28954638,"0"
22442383,"0"
12060653,"0"
24726878,"0"
33074634,"0"
30203498,"0"
26460617,"0"
20056708,"0"
25882870,"0"
9877187,"0"
30517429,"0"
11801688,"0"
25556047,"0"
12662174,"0"
28357287,"0"
3287149,"0"
8256190,"0"
19838556,"0"
19202713,"0"
15230449,"0"
25172501,"0"
11880205,"0"
28625518,"0"
18033844,"0"
16048435,"0"
33125505,"0"
11555199,"0"
15844692,"0"
10880524,"0"
16027024,"0"
20194602,"0"
9432362,"0"
25681315,"0"
24550295,"0"
3515199,"0"
22541334,"0"
15791257,"0"
9708280,"0"
7496005,"0"
25134787,"0"
25858952,"0"
549650,"0"
18624295,"0"
30340417,"0"
31887979,"0"
31692473,"0"
9111364,"0"
28578968,"0"
27127202,"0"
12848005,"0"
31718945,"0"
15513911,"0"
23468110,"0"
17420143,"0"
7525705,"0"
27789694,"0"
17178790,"0"
10766338,"0"
22521077,"0"
7590241,"0"
15307188,"0"
7686096,"0"
28817707,"0"
22947199,"0"
32552934,"0"
17266722,"0"
26906420,"0"
9665963,"0"
7848659,"0"
21986613,"0"
31304277,"0"
30593412,"0"
1576149,"0"
27058923,"0"
20179011,"0"
29086165,"0"
28870858,"0"
2152477,"0"
16979364,"0"
20047254,"0"
23049191,"0"
3910083,"0"
11888296,"0"
28722637,"0"
27188770,"0"
17867527,"0"
30226184,"0"
15472298,"0"
9345763,"0"
25006873,"0"
1568688,"0"
15059630,"0"
21042003,"0"
27257820,"0"
12883545,"0"
23785119,"0"
11497086,"0"
20153552,"0"
25371342,"0"
24203443,"0"
25310236,"0"
31318704,"0"
23609510,"0"
25056179,"0"
18410343,"0"
30658978,"0"
28302498,"0"
19088733,"0"
25944563,"0"
26941521,"0"
27824136,"0"
17133799,"0"
29296084,"0"
28076372,"0"
21566327,"0"
16395717,"0"
31760080,"0"
30926541,"0"
24379243,"0"
16132619,"0"
18606692,"0"
19241523,"0"
10632336,"0"
9236122,"0"
22966200,"0"
24918364,"0"
23138556,"0"
27771469,"0"
16913918,"0"
29046006,"0"
22283604,"0"
19582590,"0"
2806280,"0"
32185897,"0"
20345489,"0"
21390750,"0"
21747639,"0"
9342883,"0"
27460108,"0"
19761612,"0"
22352829,"0"
21392200,"0"
24278316,"0"
8147291,"0"
9271073,"0"
15712009,"0"
9451917,"0"
17163036,"0"
17579070,"0"
11861375,"0"
20919905,"0"
10440671,"0"
24064214,"0"
11027433,"0"
17114455,"0"
29664835,"0"
18008143,"0"
31131107,"0"
30778766,"0"
11467224,"0"
25990318,"0"
1784746,"0"
10768965,"0"
14646088,"0"
18250405,"0"
30501994,"0"
16204619,"0"
24442441,"0"
29188435,"0"
19500209,"0"
8243249,"0"
29487157,"0"
18232177,"0"
27016570,"0"
25304646,"0"
10848672,"0"
29216271,"0"
30074214,"0"
31188588,"0"
24255734,"0"
22660232,"0"
30374136,"0"
9035660,"0"
10966427,"0"
12450816,"0"
21338464,"0"
15687981,"0"
8973333,"0"
16492149,"0"
16322581,"0"
2667551,"0"
25592635,"0"
11795863,"0"
21954683,"0"
26986518,"0"
16863907,"0"
17298362,"0"
26055414,"0"
27357037,"0"
17961484,"0"
29666982,"0"
1944045,"0"
16791845,"0"
14641959,"0"
2851411,"0"
31282473,"0"
25124890,"0"
27101883,"0"
31671052,"0"
29686866,"0"
2248615,"0"
33171595,"0"
9574508,"0"
16199663,"0"
30391381,"0"
16548817,"0"
25384670,"0"
30195448,"0"
7665226,"0"
2229401,"0"
22919573,"0"
15028716,"0"
18209058,"0"
19712324,"0"
20729359,"0"
1388167,"0"
25488182,"0"
31187732,"0"
29373594,"0"
10635286,"0"
31072004,"0"
19681692,"0"
21913499,"0"
28433800,"0"
30315082,"0"
6157322,"0"
15853428,"0"
27235098,"0"
32930158,"0"
6563889,"0"
15880826,"0"
12565001,"0"
25436755,"0"
19838550,"0"
11839374,"0"
20602634,"0"
18566372,"0"
27481830,"0"
33087428,"0"
21622529,"0"
24721393,"0"
10888601,"0"
29624071,"0"
22762241,"0"
14504694,"0"
30569175,"0"
15150326,"0"
30016226,"0"
23137032,"0"
14601649,"0"
26842594,"0"
6422471,"0"
16767602,"0"
15992277,"0"
29871847,"0"
24461900,"0"
33075077,"0"
30255106,"0"
2790075,"0"
31490939,"0"
32734615,"0"
23382825,"0"
31715599,"0"
29553934,"0"
30459755,"0"
26417371,"0"
23128344,"0"
21923679,"0"
25121744,"0"
27879294,"0"
31248089,"0"
24844695,"0"
8639628,"0"
16002715,"0"
28699699,"0"
6338864,"0"
10452969,"0"
11399772,"0"
19234176,"0"
18205661,"0"
29559978,"0"
19786085,"0"
29945194,"0"
26337969,"0"
10922042,"0"
30917501,"0"
7499965,"0"
24797411,"0"
11466360,"0"
32630825,"0"
22940808,"0"
25863955,"0"
29477147,"0"
12626597,"0"
25049385,"0"
29710400,"0"
12618265,"0"
23646130,"0"
11298491,"0"
27122612,"0"
29414783,"0"
15100269,"0"
29973118,"0"
24218597,"0"
18704577,"0"
21325845,"0"
26365385,"0"
16368997,"0"
26020003,"0"
26197525,"0"
25833717,"0"
12032290,"0"
24789199,"0"
28821298,"0"
9922266,"0"
29480347,"0"
8478316,"0"
8652768,"0"
32251275,"0"
3455975,"0"
25985991,"0"
25240383,"0"
22985482,"0"
25453938,"0"
24745345,"0"
24931524,"0"
29467205,"0"
24195373,"0"
17184291,"0"
11798467,"0"
1832838,"0"
6183849,"0"
29366755,"0"
16380491,"0"
27667696,"0"
26565626,"0"
22671856,"0"
12480321,"0"
11902338,"0"
29594124,"0"
23175253,"0"
27551153,"0"
3761476,"0"
19700544,"0"
18599856,"0"
22474365,"0"
28328989,"0"
32103175,"0"
9097447,"0"
15915253,"0"
19965998,"0"
15232149,"0"
31055214,"0"
25701501,"0"
23933744,"0"
25059607,"0"
17367207,"0"
24012568,"0"
30090130,"0"
7588039,"0"
27999336,"0"
12570826,"0"
16049003,"0"
30633780,"0"
15854683,"0"
12931755,"0"
30335568,"0"
18541440,"0"
31815741,"0"
17141749,"0"
20657474,"0"
28493114,"0"
15373909,"0"
19238756,"0"
24304098,"0"
32451695,"0"
785240,"0"
25490229,"0"
21804559,"0"
25313574,"0"
8368471,"0"
22926902,"0"
11889043,"0"
18460620,"0"
18982019,"0"
19461127,"0"
20564183,"0"
3389599,"0"
22711425,"0"
25883092,"0"
29670900,"0"
29460338,"0"
11060257,"0"
16293406,"0"
26726715,"0"
26631978,"0"
19302523,"0"
27003991,"0"
19416693,"0"
33171698,"0"
30123780,"0"
29556002,"0"
2641445,"0"
10326234,"0"
16920786,"0"
12680872,"0"
11771960,"0"
26148472,"0"
14594822,"0"
10212929,"0"
2443625,"0"
16348030,"0"
30091094,"0"
19675161,"0"
19748581,"0"
25564612,"0"
20059636,"0"
12837790,"0"
22856297,"0"
23299308,"0"
12925210,"0"
31744069,"0"
27834801,"0"
8626695,"0"
11034580,"0"
10219581,"0"
18486439,"0"
31958720,"0"
31232894,"0"
22943700,"0"
9452887,"0"
18826439,"0"
11717309,"0"
23599172,"0"
31902643,"0"
16021475,"0"
21988196,"0"
17714441,"0"
29086207,"0"
28984566,"0"
5171969,"0"
26940855,"0"
10453028,"0"
26371472,"0"
22528650,"0"
17803106,"0"
26797460,"0"
27403595,"0"
29885436,"0"
32775130,"0"
10077767,"0"
16104984,"0"
16651387,"0"
24007310,"0"
30797286,"0"
23340578,"0"
24051190,"0"
12855738,"0"
1524578,"0"
23946889,"0"
22607560,"0"
32962924,"0"
27706050,"0"
2625834,"0"
9731985,"0"
18711130,"0"
26658464,"0"
8256506,"0"
11539668,"0"
2190764,"0"
19156864,"0"
12796296,"0"
9198946,"0"
4571613,"0"
15185193,"0"
26989201,"0"
30404542,"0"
17056548,"0"
11924796,"0"
10850987,"0"
2064596,"0"
8353476,"0"
21425779,"0"
18086288,"0"
17684942,"0"
27260776,"0"
25492001,"0"
25606196,"0"
32200128,"0"
25431124,"0"
18779780,"0"
29121798,"0"
16846931,"0"
27751567,"0"
30010618,"0"
23017731,"0"
11291577,"0"
20599580,"0"
16625117,"0"
323013,"0"
10851916,"0"
12353881,"0"
18930085,"0"
23876385,"0"
1873200,"0"
31512604,"0"
25477061,"0"
15111121,"0"
16428786,"0"
27722206,"0"
32023882,"0"
16946264,"0"
7887754,"0"
26449484,"0"
26783132,"0"
7496515,"0"
30506095,"0"
760794,"0"
19885957,"0"
27930302,"0"
24455434,"0"
15661642,"0"
16022798,"0"
19995538,"0"
25332078,"0"
24657264,"0"
29842969,"0"
9738023,"0"
30668420,"0"
20123711,"0"
27784280,"0"
28775964,"0"
25666226,"0"
26445498,"0"
26529668,"0"
20587384,"0"
7495736,"0"
30938669,"0"
31374128,"0"
9324256,"0"
9650298,"0"
18212080,"0"
24755316,"0"
9192662,"0"
31064300,"0"
25603441,"0"
8988388,"0"
23099913,"0"
16246183,"0"
20195658,"0"
24746896,"0"
15123775,"0"
22622754,"0"
10852957,"0"
17566578,"0"
27329814,"0"
21320544,"0"
22043306,"0"
1316920,"0"
15303385,"0"
30063082,"0"
29191562,"0"
30326663,"0"
10541939,"0"
31727243,"0"
17465306,"0"
24532839,"0"
8910753,"0"
23034424,"0"
31420314,"0"
23786712,"0"
25817585,"0"
21956913,"0"
27104978,"0"
25426782,"0"
25794662,"0"
25004359,"0"
21530796,"0"
29792190,"0"
24861635,"0"
23050947,"0"
27625115,"0"
20630605,"0"
19035777,"0"
16600681,"0"
26980601,"0"
10817902,"0"
26811320,"0"
19169339,"0"
20707724,"0"
24028560,"0"
17472631,"0"
11093166,"0"
27056267,"0"
32789672,"0"
30835734,"0"
1281474,"0"
18310031,"0"
6807223,"0"
26313746,"0"
20831592,"0"
17374131,"0"
23728164,"0"
25601739,"0"
8136307,"0"
21208931,"0"
15347684,"0"
24912963,"0"
2263690,"0"
29116213,"0"
15925831,"0"
24632831,"0"
21059396,"0"
14524498,"0"
27496743,"0"
17785781,"0"
15557647,"0"
25729395,"0"
31673015,"0"
21964035,"0"
21367524,"0"
24520317,"0"
10995071,"0"
22847032,"0"
22995714,"0"
21844230,"0"
15212736,"0"
9731508,"0"
28514662,"0"
25840830,"0"
18772924,"0"
30568178,"0"
30051799,"0"
3172378,"0"
25107538,"0"
15652230,"0"
23108395,"0"
14500023,"0"
1680548,"0"
17487803,"0"
9766203,"0"
12139474,"0"
12464797,"0"
22968609,"0"
27411546,"0"
17610832,"0"
12740394,"0"
18321748,"0"
21050933,"0"
33152875,"0"
28546114,"0"
11049748,"0"
20368272,"0"
9006035,"0"
29656457,"0"
26603631,"0"
24338806,"0"
31308545,"0"
19415116,"0"
12442327,"0"
25002303,"0"
8755886,"0"
30516468,"0"
20624467,"0"
23253121,"0"
30909789,"0"
17965611,"0"
30426809,"0"
19413171,"0"
29211769,"0"
31146755,"0"
12960397,"0"
32627270,"0"
20043405,"0"
31043389,"0"
8242108,"0"
21797038,"0"
26025090,"0"
31765279,"0"
24548255,"0"
7924271,"0"
2103199,"0"
9376049,"0"
9464425,"0"
8590413,"0"
25272249,"0"
30297731,"0"
19585580,"0"
18350547,"0"
18466092,"0"
19946997,"0"
22906987,"0"
18517062,"0"
28862882,"0"
29981882,"0"
31079897,"0"
32174044,"0"
10675598,"0"
12887800,"0"
26068646,"0"
22120112,"0"
23417826,"0"
31241490,"0"
1575674,"0"
2106828,"0"
25638619,"0"
24148970,"0"
18489726,"0"
32036601,"0"
29799839,"0"
1328461,"0"
12560903,"0"
22704657,"0"
20661643,"0"
2084267,"0"
27886017,"0"
22830145,"0"
19873830,"0"
23478439,"0"
30709741,"0"
9323430,"0"
1872044,"0"
27198666,"0"
17202320,"0"
15357405,"0"
17101663,"0"
2891029,"0"
19788686,"0"
27821169,"0"
14580216,"0"
2666793,"0"
20511421,"0"
21731631,"0"
18077787,"0"
14644037,"0"
2883398,"0"
20367285,"0"
1706663,"0"
29082624,"0"
9759314,"0"
23958153,"0"
26551315,"0"
24764001,"0"
29456043,"0"
11020369,"0"
30521065,"0"
11928460,"0"
30327443,"0"
10489498,"0"
32033956,"0"
18626508,"0"
15094705,"0"
15330056,"0"
11580296,"0"
25126731,"0"
18667584,"0"
12382369,"0"
17251393,"0"
30271754,"0"
30407218,"0"
21272103,"0"
17880846,"0"
26599261,"0"
12576547,"0"
29364169,"0"
24282304,"0"
19223852,"0"
18297791,"0"
26821396,"0"
16151223,"0"
30486423,"0"
24724969,"0"
12396917,"0"
31326812,"0"
17015711,"0"
27535200,"0"
10527852,"0"
26068232,"0"
24460087,"0"
11524864,"0"
16872896,"0"
15870468,"0"
11486024,"0"
16236866,"0"
20033661,"0"
10838713,"0"
20945402,"0"
16597676,"0"
28193164,"0"
27051955,"0"
32669546,"0"
27939551,"0"
25367409,"0"
22535665,"0"
31577201,"0"
16204540,"0"
24038093,"0"
28498878,"0"
19416348,"0"
23917490,"0"
31712156,"0"
25114134,"0"
30885956,"0"
8947837,"0"
21734637,"0"
27168977,"0"
23757291,"0"
7821297,"0"
27913143,"0"
27260667,"0"
31858653,"0"
30782490,"0"
27103389,"0"
7953530,"0"
24100027,"0"
31641894,"0"
26497834,"0"
23874157,"0"
23801863,"0"
29069152,"0"
12626866,"0"
24421315,"0"
28787467,"0"
9805393,"0"
11830981,"0"
11920590,"0"
28417498,"0"
25679536,"0"
12923257,"0"
27058235,"0"
12919407,"0"
16034418,"0"
18309373,"0"
24694187,"0"
32378537,"0"
27078879,"0"
29070450,"0"
30247281,"0"
25429836,"0"
9419428,"0"
15186260,"0"
32019167,"0"
24422013,"0"
10523605,"0"
8064910,"0"
21649583,"0"
15028884,"0"
21815083,"0"
25428823,"0"
32604030,"0"
9861564,"0"
21618842,"0"
26613018,"0"
21304888,"0"
26705570,"0"
28652709,"0"
22445818,"0"
18549075,"0"
8995265,"0"
15556290,"0"
16084268,"0"
31594433,"0"
29382914,"0"
11046063,"0"
11208790,"0"
23589566,"0"
25367175,"0"
21429471,"0"
12946006,"0"
26991049,"0"
15816002,"0"
29118332,"0"
18658286,"0"
20367550,"0"
25636836,"0"
21148815,"0"
21281976,"0"
17617607,"0"
29536163,"0"
30086344,"0"
20619522,"0"
8071590,"0"
21599460,"0"
22130075,"0"
17446047,"0"
15545424,"0"
32513296,"0"
11185563,"0"
12781748,"0"
26821416,"0"
31333120,"0"
16520007,"0"
25271057,"0"
28665015,"0"
21400651,"0"
14729582,"0"
23778614,"0"
19797817,"0"
27497403,"0"
25096367,"0"
26868525,"0"
